cf_px,cf_py,cf_pz,cf_gx,cf_gy,cf_gz,h_px,h_py,h_pz,h_gx,h_gy,hg_z,tiltx,global time,acc_z,h_vel,plat_omega
0.02410784710439,0.032667784546249,0.060299107018907,0,0,0,1.43194387266688,-0.968087657721138,1.02,1,1,1.02,16.2729566201459,-24.8993594646454,0,0.003332358624243,162.729566201459
0.024309463103964,0.032906957515898,0.060196395868675,0,0,0,1.43196767629654,-0.9681536614404,1.02,1,1,1.02,16.275092708122,-24.7995998859405,0,0.003332358624243,0.021360879761261
0.024258135747715,0.032839259091385,0.060186535665642,0,0,0,1.43202921742107,-0.968133005877207,1.02,1,1,1.02,16.2598813631609,-24.6995489597321,0,0.003332358624243,0.152113449610773
0.024284726926678,0.032626151550351,0.060277083438415,0,0,0,1.43193644910321,-0.968140681928373,1.02,1,1,1.02,20.2556783518261,-24.5996062755585,0,0.003332358624243,39.957969886652
0.024058371738486,0.032457124237109,0.060288016119376,0,0,0,1.4318814744156,-0.968051710876737,1.02,1,1,1.02,8.52557992772863,-24.4995331764221,0,0.004933427553516,117.300984240975
0.024298668504577,0.033021623855485,0.06016201244768,0,0,0,1.43179743722187,-0.968124155722491,1.02,1,1,1.02,8.52557992772863,-24.3995146751404,0,0.010158496475641,117.300984240975
0.024307001265624,0.032788432423482,0.060002449110603,0,0,0,1.43181962645005,-0.968231320726658,1.02,1,1,1.02,4.04632849161921,-24.2995669841766,0,0.00319771441853,44.7925143610941
0.024273620790776,0.032839830890926,0.06021844006577,0,0,0,1.43198942921705,-0.968110297846573,1.02,1,1,1.02,16.229938808974,-24.1996161937714,0,0.007707418424708,121.836103173548
0.024200376208014,0.032606758821545,0.06029677255815,0,0,0,1.43201675717806,-0.968174474967939,1.02,1,1,1.02,34.7779372906754,-24.0994145870209,0,0.009925463611497,185.479984817014
0.024283674689391,0.032605643783891,0.060253247092931,0,0,0,1.43210327158285,-0.968159444066448,1.02,1,1,1.02,39.3468270440668,-23.9993984699249,0,0.001225834401427,45.6888975339147
0.02444238737463,0.032943548382879,0.060136305390422,0,0,0,1.43211432551853,-0.968152879721472,1.02,1,1,1.02,40.0461720965982,-23.899569272995,0,0.007930642520742,6.99345052531406
0.024150215862052,0.032616762452914,0.060286312766886,0,0,0,1.43212946921056,-0.968295263689022,1.02,1,1,1.02,36.8326311867729,-23.7995803356171,0,0.012546553669278,32.1354090982537
0.024241187644254,0.032862373529907,0.06015625925771,0,0,0,1.43188462615947,-0.968146560394662,1.02,56.9284769248039,-0.9424894576582,1.02,30.0221351813776,-23.6995062828064,0,0.005121124945227,68.1049600539528
0.024269886649456,0.032799249719629,0.060218082698848,0,0,0,1.43198397020194,-0.968317509926785,1.02,56.9284769248039,-0.9424894576582,1.02,20.2432857635306,-23.5993635654449,0,0.003087110950452,97.7884941784694
0.024012865573981,0.032606786791834,0.060298564466912,0,0,0,1.4319308990232,-0.968236017758287,1.02,56.9284769248039,-0.9424894576582,1.02,8.48923984184886,-23.4994270801544,0,0.003196661223558,117.540459216818
0.024169535911311,0.032835230901851,0.060203165771629,0,0,0,1.4319268041217,-0.968199726645773,1.02,56.9284769248039,-0.9424894576582,1.02,8.48923984184886,-23.3995411396027,0,0.005643856406698,117.540459216818
0.024234044557551,0.032579394939509,0.060314040968121,0,0,0,1.43204357081058,-0.968125108727089,1.02,56.9284769248039,-0.9424894576582,1.02,4.07377708277483,-23.2994723320007,0,0.004967561389341,44.1546275907404
0.024099716492826,0.032555375460523,0.060304852756053,0,0,0,1.43199191448354,-0.968154323161476,1.02,1.31315639643869,-0.944295992584217,1.02,16.2413254249825,-23.1995735168457,0,0.003457745472977,121.675483422077
0.024314503315016,0.03280048958905,0.060178458897788,0,0,0,1.43194176351461,-0.968141898453952,1.02,1.31315639643869,-0.944295992584217,1.02,34.7798609386705,-23.0994510650635,0,0.005691629198662,185.38535513688
0.02424577289576,0.032852567311359,0.060089082629764,0,0,0,1.43189996399837,-0.968152217890995,1.02,1.31315639643869,-0.944295992584217,1.02,39.3477417009552,-22.9993002414703,0,0.00196426971279,45.6788076228473
0.024205541962366,0.03282551399073,0.060261308989976,0,0,0,1.43188723498479,-0.968156657147605,1.02,1.31315639643869,-0.944295992584217,1.02,40.0456468161023,-22.8991286754608,0,0.005051166239659,6.97905115147066
0.024125872232062,0.032560884533539,0.060297568004298,0,0,0,1.43191803454746,-0.968115074514184,1.02,1.31315639643869,-0.944295992584217,1.02,36.8110748395627,-22.7994563579559,0,0.001229462429232,32.3457197653958
0.024269518622307,0.032861675842664,0.060116001143032,0,0,0,1.43191023599762,-0.96820052986118,1.02,1.31315639643869,-0.944295992584217,1.02,30.0054701088314,-22.699206829071,0,0.002535117296449,68.0560473073127
0.024292194222532,0.032860022175956,0.060206783196713,0,0,0,1.43191999539386,-0.968111421578694,1.02,1.31311064079405,-0.944235655177233,1.02,20.2170017394389,-22.5994973182678,0,0.005395418048203,97.8846836939254
0.024302369268774,0.03295128972745,0.060067527481926,0,0,0,1.43192903817619,-0.968178619932127,1.02,1.31311064079405,-0.944235655177233,1.02,20.2170017394389,-22.4993536472321,0,0.003150634706575,97.8846836939254
0.024103116000934,0.032679846875471,0.06031595710991,0,0,0,1.43190235482733,-0.96815864043104,1.02,1.31311064079405,-0.944235655177233,1.02,8.50512946745427,-22.3995447158813,0,0.003738227321167,117.118722719846
0.024235221588571,0.032715051132569,0.060227244483032,0,0,0,1.43187914291434,-0.968127410805698,1.02,1.31311064079405,-0.944235655177233,1.02,4.09480253787398,-22.2996146678925,0,0.002928210072114,44.1032692958028
0.024150081623473,0.032535166571569,0.060288466459781,0,0,0,1.43199121635796,-0.968234742319499,1.02,1.31311064079405,-0.944235655177233,1.02,26.8264906737666,-22.1994321346283,0,0.00464883049062,227.316881358927
0.024125828904502,0.032520412489622,0.060307156255918,0,0,0,1.43187643977273,-0.968011301641884,1.02,1.31311064079405,-0.944235655177233,1.02,34.7937845688836,-22.0993630886078,0,0.002622261834481,79.6729389511691
0.024360896039559,0.032840480103704,0.060245945216769,0,0,0,1.43207028514428,-0.968189304447732,1.02,1.31299182314087,-0.944196638967606,1.02,39.3503946906987,-21.9994118213654,0,0.007165034546131,45.5661012181513
0.024396150746786,0.033002679597784,0.0601571880731,0,0,0,1.43203228707227,-0.968118180248864,1.02,1.31299182314087,-0.944196638967606,1.02,40.0460600088242,-21.8995101451874,0,0.004944332505373,6.95665318125492
0.024108612943231,0.032724605125383,0.060213110564809,0,0,0,1.43202497072757,-0.968485658293313,1.02,1.31299182314087,-0.944196638967606,1.02,40.0460600088242,-21.7993378639221,0,0.010061305059761,6.95665318125492
0.024321390972499,0.032801796198981,0.060205283705249,0,0,0,1.43202962849372,-0.968250670206223,1.02,1.31299182314087,-0.944196638967606,1.02,29.9877883916277,-21.6993653774261,1.00029742717743,0.009446998432914,100.582716171965
0.024367703306147,0.032969705511004,0.060027102177727,0,0,0,1.43199742784556,-0.968293900890429,1.02,1.3129743164185,-0.944091265287292,1.02,20.2243749440955,-21.5994436740875,1.00029742717743,0.003660719454493,97.6341344753217
0.024367703306147,0.032969705511004,0.060027102177727,0,0,0,1.43199742784556,-0.968293900890429,1.02,1.3129743164185,-0.944091265287292,1.02,20.2243749440955,-21.499404668808,1.00029742717743,0.003660719454493,97.6341344753217
0.024295015097355,0.032755501415313,0.060219373579037,0,0,0,1.43203428758898,-0.9685875844266,1.02,1.3129743164185,-0.944091265287292,1.02,4.096944080301,-21.3994779586792,1.00065290927887,0.001427510279076,161.274308637945
0.024295015097355,0.032755501415313,0.060219373579037,0,0,0,1.43203428758898,-0.9685875844266,1.02,1.3129743164185,-0.944091265287292,1.02,4.096944080301,-21.2993595600128,1.00433135032654,0.001427510279076,161.274308637945
0.024295015097355,0.032755501415313,0.060219373579037,0,0,0,1.43203428758898,-0.9685875844266,1.02,1.3129743164185,-0.944091265287292,1.02,4.096944080301,-21.1994817256927,0.999347269535065,0.001427510279076,161.274308637945
0.024243779252488,0.03262898910225,0.060256780763882,0,0,0,1.43201454838327,-0.968595329498791,1.02,1.31312419487075,-0.944342221545778,1.02,34.7971938788687,-21.0995733737946,0.999577701091766,0.005009464387913,307.002497985677
0.024169530350646,0.032561349668839,0.060215279739865,0,0,0,1.43200696373237,-0.968282401437456,1.02,1.31312419487075,-0.944342221545778,1.02,34.7971938788687,-20.9994270801544,0.999745845794678,0.097586879175813,307.002497985677
0.024169530350646,0.032561349668839,0.060215279739865,0,0,0,1.43200696373237,-0.968282401437456,1.02,1.31312419487075,-0.944342221545778,1.02,34.7971938788687,-20.8993716239929,1.00117659568787,0.097586879175813,307.002497985677
0.024169530350646,0.032561349668839,0.060215279739865,0,0,0,1.43200696373237,-0.968282401437456,1.02,1.31312419487075,-0.944342221545778,1.02,34.7971938788687,-20.7994475364685,0.999070465564728,0.097586879175813,307.002497985677
0.024169530350646,0.032561349668839,0.060215279739865,0,0,0,1.43200696373237,-0.968282401437456,1.02,1.31313250541358,-0.944538706950243,1.02,34.7971938788687,-20.6995260715485,1.00091207027435,0.097586879175813,307.002497985677
0.024169530350646,0.032561349668839,0.060215279739865,0,0,0,1.43200696373237,-0.968282401437456,1.02,1.31313250541358,-0.944538706950243,1.02,34.7971938788687,-20.5994446277618,1.00005102157593,0.097586879175813,307.002497985677
0.024169530350646,0.032561349668839,0.060215279739865,0,0,0,1.43200696373237,-0.968282401437456,1.02,1.31313250541358,-0.944538706950243,1.02,34.7971938788687,-20.4995129108429,0.999515950679779,0.097586879175813,307.002497985677
0.024169530350646,0.032561349668839,0.060215279739865,0,0,0,1.43200696373237,-0.968282401437456,1.02,1.31310591531476,-0.944325628189004,1.02,34.7971938788687,-20.3994164466858,0.998521447181702,0.097586879175813,307.002497985677
0.024169530350646,0.032561349668839,0.060215279739865,0,0,0,1.43200696373237,-0.968282401437456,1.02,1.31310591531476,-0.944325628189004,1.02,34.7971938788687,-20.2994508743286,0.998880505561829,0.097586879175813,307.002497985677
0.024169530350646,0.032561349668839,0.060215279739865,0,0,0,1.43200696373237,-0.968282401437456,1.02,1.31310591531476,-0.944325628189004,1.02,34.7971938788687,-20.1994435787201,1.00027430057526,0.097586879175813,307.002497985677
0.024169530350646,0.032561349668839,0.060215279739865,0,0,0,1.43200696373237,-0.968282401437456,1.02,1.31310591531476,-0.944325628189004,1.02,34.7971938788687,-20.0994462966919,1.00092661380768,0.097586879175813,307.002497985677
0.024169530350646,0.032561349668839,0.060215279739865,0,0,0,1.43200696373237,-0.968282401437456,1.02,1.31310591531476,-0.944325628189004,1.02,34.7971938788687,-19.9994418621063,1.00124371051788,0.097586879175813,307.002497985677
0.024169530350646,0.032561349668839,0.060215279739865,0,0,0,1.43200696373237,-0.968282401437456,1.02,1.31310591531476,-0.944325628189004,1.02,34.7971938788687,-19.8994545936584,1.00132155418396,0.097586879175813,307.002497985677
0.024169530350646,0.032561349668839,0.060215279739865,0,0,0,1.43200696373237,-0.968282401437456,1.02,1.31310591531476,-0.944325628189004,1.02,34.7971938788687,-19.799430847168,1.00050723552704,0.097586879175813,307.002497985677
0.024169530350646,0.032561349668839,0.060215279739865,0,0,0,1.43200696373237,-0.968282401437456,1.02,1.31310591531476,-0.944325628189004,1.02,34.7971938788687,-19.6994173526764,0.998087584972382,0.097586879175813,307.002497985677
0.024169530350646,0.032561349668839,0.060215279739865,0,0,0,1.43200696373237,-0.968282401437456,1.02,1.31310591531476,-0.944325628189004,1.02,34.7971938788687,-19.599424123764,0.997523307800293,0.097586879175813,307.002497985677
0.024169530350646,0.032561349668839,0.060215279739865,0,0,0,1.43200696373237,-0.968282401437456,1.02,1.31310591531476,-0.944325628189004,1.02,34.7971938788687,-19.4994447231293,1.00093233585358,0.097586879175813,307.002497985677
0.024082085161156,0.032502259904899,0.060259617371567,0,0,0,1.43207133670601,-0.96823630967362,1.02,1.31310591531476,-0.944325628189004,1.02,4.08186015566916,-19.3994855880737,0.999089241027832,0.003166705206543,307.153337231995
0.024333695377001,0.032996765488069,0.060017334295731,0,0,0,1.43193831274892,-0.968159580244566,1.02,1.31310591531476,-0.944325628189004,1.02,4.08186015566916,-19.2994191646576,0.999191522598267,0.006949090494471,307.153337231995
0.024180732916205,0.03263979269861,0.060288750997456,0,0,0,1.4319781579422,-0.96816792738289,1.02,1.31310591531476,-0.944325628189004,1.02,26.8370808259392,-19.1995527744293,1.00175726413727,0.000829339560831,227.5522067027
0.024142581208931,0.032573739451219,0.060305229067996,0,0,0,1.43205267804455,-0.968160413616837,1.02,1.31310591531476,-0.944325628189004,1.02,34.7924177712964,-19.099532365799,0.998613178730011,0.00422561393938,79.5533694535727
0.024142581208931,0.032573739451219,0.060305229067996,0,0,0,1.43205267804455,-0.968160413616837,1.02,1.31310591531476,-0.944325628189004,1.02,34.7924177712964,-18.9995529651642,1.00077223777771,0.00422561393938,79.5533694535727
0.024078644646766,0.032581547533443,0.060298900444761,0,0,0,1.43193386797171,-0.968142224252387,1.02,1.31310591531476,-0.944325628189004,1.02,40.0478744319153,-18.8995046615601,0.999893426895142,0.005748578037937,52.5545666061888
0.024078644646766,0.032581547533443,0.060298900444761,0,0,0,1.43193386797171,-0.968142224252387,1.02,1.31304684350717,-0.944231054833191,1.02,40.0478744319153,-18.7994899749756,1.0009400844574,0.005748578037937,52.5545666061888
0.024184557783758,0.032577578964595,0.060354561309432,0,0,0,1.43191974010193,-0.96813391053897,1.02,1.31304684350717,-0.944231054833191,1.02,30.0102543183967,-18.6993927955627,0.998856127262116,0.004176271114234,100.376201135186
0.023907819459484,0.03243179489747,0.06049246841463,0,0,0,1.4318372494845,-0.968174616310314,1.02,1.31304684350717,-0.944231054833191,1.02,20.2351828136149,-18.5994291305542,1.00144827365875,0.005865656959781,97.7507150478187
0.023870307499573,0.032439524212945,0.060479706916319,0,0,0,1.4319170244902,-0.968145008626547,1.02,1.31304684350717,-0.944231054833191,1.02,8.49904580276949,-18.4994633197784,1.00055825710297,0.004475591930467,117.361370108454
0.024341424613932,0.032883386893379,0.0601325137495,0,0,0,1.43188570520741,-0.968133257534962,1.02,1.31303042430687,-0.94420657225577,1.02,8.49904580276949,-18.3995862007141,0.99904990196228,0.006096253023121,117.361370108454
0.024129512459516,0.032582972503202,0.060296191540733,0,0,0,1.43196238952719,-0.968269621994885,1.02,1.31303042430687,-0.94420657225577,1.02,4.06305625894585,-18.2995376586914,1.00044775009155,0.006620962643804,44.3598954382364
0.024317796763316,0.033000398980278,0.060010039836758,0,0,0,1.43202345328437,-0.968185414170236,1.02,1.31303042430687,-0.94420657225577,1.02,16.2321299781326,-18.1994593143463,1.00000929832459,0.002222021285965,121.690737191867
0.02417401497899,0.032612071476525,0.060317295633822,0,0,0,1.43194900319284,-0.968139580656755,1.02,1.31303042430687,-0.94420657225577,1.02,34.7972097745785,-18.0994741916657,1.00084054470062,0.001572154299446,185.650797964459
0.024145250675981,0.03256703725865,0.060247667312253,0,0,0,1.43209890392168,-0.968234416776466,1.02,1.31303042430687,-0.94420657225577,1.02,39.3452365158103,-17.999534368515,1.00062227249146,0.005908973005817,45.4802674123176
0.024211230253853,0.032841242868571,0.060170275199153,0,0,0,1.4319563320771,-0.968125234144843,1.02,1.31303012180594,-0.944238371718383,1.02,40.0474301595873,-17.8995735645294,1.00058078765869,0.002111946215321,7.02193643777022
0.02409147012694,0.03254387003028,0.060303866793693,0,0,0,1.42982780959312,-0.967818921987205,1.02,1.31303012180594,-0.944238371718383,1.02,36.8316725728311,-17.7994894981384,1.00122106075287,0.110332450782857,32.157575867562
0.024126646171846,0.032631631283065,0.060289287661314,0,0,0,1.39945690778145,-0.962491293594275,1.02,1.31303012180594,-0.944238371718383,1.02,31.43974361447,-17.6994736194611,1.00094401836395,0.416824746395073,53.919289583611
0.024333203476816,0.032832274747578,0.06020661835731,0,0,0,1.35834921793117,-0.962044409235772,1.02,1.31303012180594,-0.944238371718383,1.02,26.8542779692228,-17.5994853973389,0.997867286205291,0.388814003527011,45.8546564524722
0.024092734582284,0.032577660261566,0.060313152265452,0,0,0,1.32604500152618,-0.958889706766622,1.02,1.31303012180594,-0.944238371718383,1.02,20.4535872356,-17.4995064735413,1.00094163417816,0.163569078692466,64.0069073362281
0.024360505940345,0.032850097342719,0.060176002145343,0,0,0,1.32620538729312,-0.959207342734103,1.02,1.31317765266478,-0.944265439073813,1.02,20.4535872356,-17.3995594978333,0.99982088804245,0.083507758116125,64.0069073362281
0.024173890073371,0.032587437045425,0.060305799752746,0,0,0,1.33160268522919,-0.959310612847554,1.02,1.31317765266478,-0.944265439073813,1.02,8.7549680757493,-17.2995870113373,1.0034841299057,0.078703644295776,116.986191598507
0.024119415183258,0.032560643276161,0.06033358282617,0,0,0,1.30060532604941,-0.952789421644998,1.02,1.31317765266478,-0.944265439073813,1.02,15.3905534248842,-17.1994392871857,1.00084435939789,0.456706163063125,66.3558534913494
0.024223955552785,0.032680912641914,0.060268327041821,0,0,0,1.2593355225562,-0.95089735945142,1.02,1.31317765266478,-0.944265439073813,1.02,20.9570072364605,-17.0994446277618,0.999182999134064,0.40761884262931,55.6645381157625
0.024166550517952,0.032998436956882,0.060100150502472,0,0,0,1.22802106073923,-0.947536210757554,1.02,1.20976233485223,-0.934508715213994,1.02,26.3460428747995,-16.9994776248932,1.0020866394043,0.187788324595698,53.8903563833897
0.024244099192552,0.032926804288724,0.060073108715799,0,0,0,1.2298040592921,-0.948634777028296,1.02,1.20976233485223,-0.934508715213994,1.02,33.1297074708057,-16.8995428085327,1.00248765945435,0.030548814354416,67.8366459600623
0.023833876970407,0.032455316263302,0.060506933604525,0,0,0,1.21177437650629,-0.943974510543833,1.02,1.20976233485223,-0.934508715213994,1.02,37.4176887046862,-16.7996053695679,1.00217950344086,0.44960961812003,42.8798123388057
0.024272880690598,0.032902824967888,0.060096870847641,0,0,0,1.17457832593961,-0.938911936535805,1.02,1.20976233485223,-0.934508715213994,1.02,38.1010519660539,-16.6994705200195,1.00050294399261,0.437380760647015,6.83363261367681
0.023924745679478,0.032486409450675,0.060414572255687,0,0,0,1.17457832593961,-0.938911936535805,1.02,1.13226710448399,-0.923750095319542,1.02,38.1010519660539,-16.5995063781738,1.00110852718353,0.321334395523485,6.83363261367681
0.024328954403597,0.032903043628661,0.060055236146843,0,0,0,1.11005152020373,-0.933865226631586,1.02,1.13226710448399,-0.923750095319542,1.02,38.1010519660539,-16.49946808815,1.00031924247742,0.111351127236245,6.83363261367681
0.023891432918478,0.032480189396985,0.060438632501339,0,0,0,1.10010066325099,-0.931368037613668,1.02,1.13226710448399,-0.923750095319542,1.02,38.1010519660539,-16.399498462677,1.00312733650208,0.170394878110467,6.83363261367681
0.023968647404029,0.032565802555597,0.060454227779598,0,0,0,1.06545693505954,-0.926501274239015,1.02,1.13226710448399,-0.923750095319542,1.02,38.1010519660539,-16.2994775772095,0.99932724237442,0.43943649783036,6.83363261367681
0.023967308882302,0.032374587341711,0.060472537597262,0,0,0,1.04701315286538,-0.925099648777364,1.02,1.04457672565743,-0.911449537353175,1.02,37.8131101509096,-16.1994788646698,0.999382317066193,0.291623593386475,2.87941815144322
0.024229624270187,0.033050631153735,0.060050338581053,0,0,0,1.04525901644576,-0.924901569465129,1.02,1.04457672565743,-0.911449537353175,1.02,9.71472511551244,-16.0994942188263,0.998889267444611,0.079386251738742,280.983850353972
0.023884995025699,0.032371542381726,0.060414408715467,0,0,0,1.04525901644576,-0.924901569465129,1.02,1.04457672565743,-0.911449537353175,1.02,1.87809446272681,-15.9995017051697,1.00143611431122,0.274024833032057,78.3663065278563
0.024031202971553,0.032592044855989,0.060281841686889,0,0,0,0.960820731750111,-0.912426039718551,1.02,1.04457672565743,-0.911449537353175,1.02,8.55951915183949,-15.8994822502136,0.999223172664642,0.465721768317506,66.8142468911267
0.024235670433729,0.03279520285591,0.060180682473802,0,0,0,0.924547536784897,-0.908172084370985,1.02,1.04457672565743,-0.911449537353175,1.02,14.6937208338729,-15.7994954586029,1.00103843212128,0.269737707763441,61.3420168203343
0.023900340626058,0.032456522109708,0.060411056750879,0,0,0,0.925990622418416,-0.908435754660279,1.02,0.94254008889429,-0.898252367718497,1.02,23.5619401495022,-15.6993291378021,0.999297082424164,0.159632120708266,88.6821931562931
0.024028211404515,0.032523888144435,0.06024888824065,0,0,0,0.934356786762458,-0.909624125267755,1.02,0.94254008889429,-0.898252367718497,1.02,31.4506649755392,-15.5994832515717,0.999890029430389,0.051443911293536,78.8872482603703
0.024282618814567,0.032971303842541,0.060000372214007,0,0,0,0.922237370749022,-0.907715806636455,1.02,0.94254008889429,-0.898252367718497,1.02,31.4506649755392,-15.4994583129883,1.00162792205811,0.319038861590122,78.8872482603703
0.023891315150888,0.032509927106633,0.060460399015268,0,0,0,0.880135730623862,-0.900811237251251,1.02,0.94254008889429,-0.898252367718497,1.02,34.786148243348,-15.3995430469513,1.00199270248413,0.402690671462568,33.3548326780878
0.024331139955852,0.032999560560718,0.06002520362202,0,0,0,0.867662367470024,-0.899872278945416,1.02,0.94254008889429,-0.898252367718497,1.02,35.6415365758983,-15.2996661663055,1.00008535385132,0.108310728836514,8.55388332550298
0.024183297134375,0.033001771054041,0.060032944098104,0,0,0,0.876943945036429,-0.900926776132371,1.02,0.828291739998723,-0.880345944437341,1.02,30.7261057318129,-15.1996395587921,1.00235211849213,0.051554506995155,49.1543084408546
0.024099181116696,0.032625858838343,0.060338821098583,0,0,0,0.874256197349178,-0.900579161732569,1.02,0.828291739998723,-0.880345944437341,1.02,23.0384334748093,-15.099445104599,1.00048041343689,0.174353196208733,76.8767225700359
0.024026732937667,0.032437155396565,0.060374929143637,0,0,0,0.837467226358046,-0.893511710264487,1.02,0.828291739998723,-0.880345944437341,1.02,15.4474853567959,-14.999294757843,1.00090062618256,0.430927729169019,75.9094811801338
0.0238502961671,0.032376930529182,0.060444197057438,0,0,0,0.794414229364044,-0.888557527318643,1.02,0.777819099610395,-0.872329432075359,1.02,9.24943796079026,-14.899436712265,0.998763442039489,0.341723754164323,61.9804739600564
0.023985859947393,0.032640250440506,0.060291220698325,0,0,0,0.789527810796394,-0.887858245002242,1.02,0.777819099610395,-0.872329432075359,1.02,1.50387651487551,-14.7994334697723,0.999874711036682,0.069101530921596,77.4556144591475
0.024278797721255,0.032750133642759,0.060245387047062,0,0,0,0.77922590386418,-0.885953719831501,1.02,0.777819099610395,-0.872329432075359,1.02,9.30738349279261,-14.6995944976807,1.00081658363342,0.311794498309262,78.035069779171
0.024090061055528,0.032630436551359,0.060360115601117,0,0,0,0.747161688963666,-0.879243321097113,1.02,0.777819099610395,-0.872329432075359,1.02,15.4241803907024,-14.5994436740875,1.00092434883118,0.44596042469477,61.1679689790982
0.023859275039411,0.03247892604305,0.060469548151582,0,0,0,0.702540581852609,-0.87405719695584,1.02,0.718906201027093,-0.862489637029633,1.02,20.5155752143692,-14.4995927810669,1.00185632705688,0.44596042469477,50.9139482366679
0.023983384856842,0.032778399294443,0.060256661869721,0,0,0,0.697155298234343,-0.872090966983765,1.02,0.718906201027093,-0.862489637029633,1.02,20.5155752143692,-14.3995060920715,0.999414563179016,0.244284042926769,50.9139482366679
0.024207297961696,0.03268868819672,0.060303519308078,0,0,0,0.691175307310699,-0.870719251341376,1.02,0.718906201027093,-0.862489637029633,1.02,27.7185403977105,-14.2994468212128,0.999628305435181,0.298289102448262,72.0296518334132
0.024545038342397,0.03543237129626,0.06097413136382,0,0,0,0.649524132550013,-0.860893517796593,1.02,0.718906201027093,-0.862489637029633,1.02,32.1221044803956,-14.1995651721954,0.999736905097961,0.436848350691442,44.0356408268508
0.028037781797378,0.039555679181767,0.062227490627417,0,0,0,0.611213853958909,-0.854783772508471,1.02,0.718906201027093,-0.862489637029633,1.02,33.6633489938918,-14.0995233058929,1.00005578994751,0.321808185860997,15.4124451349625
0.034335674634721,0.046703450873905,0.064796417683018,0,0,0,0.606512058749708,-0.853787086665661,1.02,0.625809576433712,-0.847917785835703,1.02,31.9117157521149,-13.9994654655457,1.00364184379578,0.147200870948646,17.5163324177691
0.043419832200615,0.061815455209112,0.065217776879104,0,0,0,0.61486649479227,-0.854422197942852,1.02,0.625809576433712,-0.847917785835703,1.02,26.6405740975942,-13.8995780944824,0.999381363391876,0.041877715711374,52.7114165452075
0.052851050857515,0.07588645773336,0.065334434471663,0,0,0,0.58883660627909,-0.845673517370891,1.02,0.536363714812815,-0.827915207512919,1.02,19.5821661195875,-13.7994520664215,1.00042688846588,0.492643658132284,70.5840797800669
0.065795424063071,0.096225204365034,0.067222503138513,0,0,0,0.537002889381446,-0.838392110030278,1.02,0.536363714812815,-0.827915207512919,1.02,15.1035101296181,-13.699465751648,0.999565422534943,0.403549747159892,44.7865598996936
0.0745692626148,0.110847165844471,0.07091726790653,0,0,0,0.507640731984748,-0.833273125335577,1.02,0.536363714812815,-0.827915207512919,1.02,8.46961066231337,-13.599595785141,1.00004410743713,0.265997980069706,66.3389946730476
0.081700206626774,0.123977958550958,0.077765899381316,0,0,0,0.483671286206366,-0.828015827106272,1.02,0.520330115594556,-0.819434293793697,1.02,1.461955234869,-13.4994678497314,0.998910903930664,0.281802276822949,70.0765542744437
0.086998147496983,0.134759521355944,0.088153135826178,0,0,0,0.450756367428545,-0.822662985725066,1.02,0.520330115594556,-0.819434293793697,1.02,5.02088195108625,-13.3995666503906,1.00146806240082,0.410873033905097,35.5892671621725
0.089645828558945,0.142978654583041,0.106013305563946,0,0,0,0.410566415841708,-0.815261589869993,1.02,0.520330115594556,-0.819434293793697,1.02,5.02088195108625,-13.2994282245636,0.999778985977173,0.353771676912683,35.5892671621725
0.090186574165037,0.148453314844873,0.127269266394815,0,0,0,0.379715751708856,-0.80992402891115,1.02,0.520330115594556,-0.819434293793697,1.02,19.2458038964842,-13.1994388103485,0.996692597866058,0.316199505233946,142.24921945398
0.088288102560742,0.151887746375766,0.155082163103852,0,0,0,0.349880806610263,-0.803686426339488,1.02,0.520330115594556,-0.819434293793697,1.02,23.6260352377042,-13.0994284152985,0.992531001567841,0.282109811643663,43.8023134121999
0.085554383880219,0.153189339069176,0.189625496687224,0,0,0,0.342078348541879,-0.802276995635894,1.02,0.423441693212989,-0.803282988700027,1.02,27.6867551799346,-12.9994740486145,0.938236236572266,0.05597350382857,40.6071994223041
0.082252518806612,0.155004544053625,0.23200591545413,0,0,0,0.34656133875287,-0.802757251483003,1.02,0.423441693212989,-0.803282988700027,1.02,31.0640313056596,-12.8995687961578,1.00787222385407,0.07024417489602,33.7727612572503
0.078766429859408,0.154675093704314,0.281221554772761,0,0,0,0.323276460789769,-0.795297967604835,1.02,0.423441693212989,-0.803282988700027,1.02,31.2904937981248,-12.7995750904083,1.0419727563858,0.443788248101968,2.26462492465217
0.074645483671385,0.154868218908905,0.363730887173359,0,0,0,0.268760872716642,-0.785815644513879,1.02,0.289521501044826,-0.778322565607811,1.02,30.0130467386718,-12.6996006965637,0.974460303783417,0.379327902273822,12.7744705945308
0.071759812517243,0.153637499197144,0.438179012755455,0,0,0,0.240337048150913,-0.779982979259607,1.02,0.289521501044826,-0.778322565607811,1.02,27.6117482183814,-12.5995500087738,0.971935033798218,0.271909639712243,24.0129852029037
0.069384256608061,0.151668613512226,0.525082912300348,0,0,0,0.212654673618672,-0.774275283652771,1.02,0.289521501044826,-0.778322565607811,1.02,23.7701400598795,-12.4994170665741,1.0153671503067,0.29515235964519,38.4160815850186
0.066997684945922,0.149664183089979,0.604897340597501,0,0,0,0.18223203211607,-0.768867846569562,1.02,0.289521501044826,-0.778322565607811,1.02,23.7701400598795,-12.3995201587677,1.02944314479828,0.357283985581083,38.4160815850186
0.063809942512004,0.14549148282945,0.692540200618683,0,0,0,0.145114622417676,-0.761772393321999,1.02,0.248984907634421,-0.766500534876771,1.02,19.4137761732675,-12.2993717193604,1.0324364900589,0.279270845744044,43.5636388661202
0.060157173840936,0.140514886184288,0.775598258964735,0,0,0,0.137106851944604,-0.759504729622558,1.02,0.248984907634421,-0.766500534876771,1.02,5.6589944628091,-12.1995544433594,1.01481854915619,0.05432679830007,137.547817104584
0.056368253428716,0.135217743790657,0.853792671201683,0,0,0,0.11933365956245,-0.755477460858549,1.02,0.248984907634421,-0.766500534876771,1.02,2.95095533682529,-12.0995941162109,1.03665506839752,0.374677286528278,27.0803912598381
0.05144375218703,0.127578299027088,0.949251127335391,0,0,0,0.071299791338771,-0.745860857380719,1.02,0.131951522658484,-0.744958931766386,1.02,8.45054145363589,-11.9995217323303,1.04015147686005,0.378458972666596,54.995861168106
0.048681555073451,0.122246837962297,1.02311344076368,0,0,0,0.060332199331101,-0.742376958379481,1.02,0.131951522658484,-0.744958931766386,1.02,13.8677950533467,-11.8994629383087,1.06096649169922,0.059939775960964,54.1725359971084
0.046173006459162,0.116253881847692,1.08824874245452,0,0,0,0.04973039803662,-0.740117984505173,1.02,0.131951522658484,-0.744958931766386,1.02,20.8937146578242,-11.7994384765625,1.04587006568909,0.307386937545639,70.2591960447744
0.043563418782672,0.109602436231939,1.15636038737284,0,0,0,0.00554655826981,-0.730184514746095,1.02,0.075099544530095,-0.732007567628881,1.02,23.7261033745596,-11.6994225978851,1.05826008319855,0.399110386036403,28.3238871673547
0.041787476010888,0.104568293622403,1.20165819826399,0,0,0,-0.023491280015845,-0.724269882399293,1.02,0.075099544530095,-0.732007567628881,1.02,23.7261033745596,-11.5994691848755,1.09229469299316,0.275249852373902,28.3238871673547
0.039868706120541,0.098493606470374,1.25575216113238,0,0,0,-0.052078468287651,-0.718482645919577,1.02,0.075099544530095,-0.732007567628881,1.02,26.0353246200587,-11.4994833469391,1.11687421798706,0.22938147511865,23.0922124549908
0.039968118690091,0.094548421303282,1.29291998165406,0,0,0,-0.072375658326295,-0.714177278020301,1.02,0.001926246526103,-0.714819394092336,1.02,27.8557090371855,-11.3995492458344,1.14482629299164,0.205148558321814,18.2038441712675
0.040378669432363,0.09201537643509,1.32528978227403,0,0,0,-0.097014328042362,-0.709131637129126,1.02,0.001926246526103,-0.714819394092336,1.02,28.0942474034921,-11.2995660305023,1.07869184017181,0.211164190387878,2.38538366306642
0.042513236646894,0.090255716386908,1.35329746188167,0,0,0,-0.116153455826286,-0.705465367229953,1.02,0.001926246526103,-0.714819394092336,1.02,23.0089663645609,-11.1995980739594,1.08576893806458,0.104926305783624,50.8528103893118
0.045735552048142,0.090712772977025,1.37611880790424,0,0,0,-0.127731894282215,-0.702482090714824,1.02,-0.076051494575447,-0.699734303913552,1.02,17.9756267187383,-11.0995848178864,1.06611049175262,0.128409852180139,50.3333964582267
0.048508198487221,0.09238229819523,1.39058716060679,0,0,0,-0.139877099479764,-0.699737192457151,1.02,-0.076051494575447,-0.699734303913552,1.02,11.6237054884277,-10.9995903968811,1.00070750713348,0.090930812141629,63.519212303106
0.050753152080289,0.094322757540812,1.39785613799859,0,0,0,-0.142094342661218,-0.699354847195109,1.02,-0.076051494575447,-0.699734303913552,1.02,3.86154707414095,-10.8995094299316,1.01816344261169,0.032570791004202,77.6215841428673
0.053635691459996,0.098299372887128,1.40327430548919,0,0,0,-0.141400813989468,-0.699243727464409,1.02,-0.076051494575447,-0.699734303913552,1.02,4.9712717018418,-10.7995271682739,0.987319052219391,0.032570791004202,11.0972462770086
0.056337162323476,0.102356997528559,1.40437908167903,0,0,0,-0.154743967868954,-0.696804691367445,1.02,-0.076051494575447,-0.699734303913552,1.02,12.1777460424857,-10.6995842456818,0.992887318134308,0.032570791004202,72.0647434064387
0.057909339214163,0.105539298926015,1.40351325230545,0,0,0,-0.160264492772222,-0.696032252517119,1.02,-0.076051494575447,-0.699734303913552,1.02,18.6908436004765,-10.599574804306,0.975689709186554,0.043504679384255,65.1309755799088
0.060128078277664,0.108864074737735,1.40218845372544,0,0,0,-0.157267035200477,-0.696471410564165,1.02,-0.076051494575447,-0.699734303913552,1.02,18.6908436004765,-10.4995324611664,0.94194632768631,0.03525758349399,65.1309755799088
0.062003750525921,0.112566490969658,1.40079838252577,0,0,0,-0.155323238079493,-0.696649951799841,1.02,-0.076051494575447,-0.699734303913552,1.02,27.0683907758668,-10.3995752334595,0.922781646251678,0.002980670413723,83.7754717539023
0.063989956944225,0.116108599115743,1.39891749839242,0,0,0,-0.156597529181056,-0.696505667811386,1.02,-0.076051494575447,-0.699734303913552,1.02,27.2913891452826,-10.2995929718018,0.922914743423462,0.020422370520555,2.22998369415848
0.06555180421925,0.118901993645408,1.39539984416551,0,0,0,-0.158317404526248,-0.696308219161988,1.02,-0.153974733840506,-0.683330214910401,1.02,24.8541550724096,-10.1995713710785,0.886917948722839,0.021745158438988,24.3723407287305
0.066318455766208,0.120590691208702,1.39180444592995,0,0,0,-0.15840768584949,-0.696281697176329,1.02,-0.153974733840506,-0.683330214910401,1.02,20.0698529214681,-10.0995211601257,0.918755829334259,0.000425630521034,47.8430215094143
0.066664923587867,0.12184362653379,1.38826213985584,0,0,0,-0.158654295239283,-0.696218738200618,1.02,-0.153974733840506,-0.683330214910401,1.02,13.2778128575078,-9.99954509735107,0.928535997867584,0.007476360596315,67.9204006396031
0.067909921455258,0.123171711512211,1.3844690301266,0,0,0,-0.159067229726931,-0.696184183350512,1.02,-0.155539533950201,-0.68316252448382,1.02,5.21459560671743,-9.89956212043762,0.954953670501709,0.005367132692297,80.632172507904
0.068403486563923,0.123626949506317,1.38103904696349,0,0,0,-0.159319129013095,-0.696079329743613,1.02,-0.155808682513931,-0.683088308008332,1.02,3.35164273242154,-9.79952311515808,0.930870056152344,0.005848155998602,18.6295287429589
0.069161475015744,0.124292233524053,1.37751441286461,0,0,0,-0.15953508262169,-0.695991134916298,1.02,-0.155808682513931,-0.683088308008332,1.02,11.616918283696,-9.69955682754517,0.946403086185455,0.007143480016497,82.6527555127442
0.069130985066056,0.124883450631079,1.37609244352497,0,0,0,-0.159640182684583,-0.695845005172949,1.02,-0.156380240043499,-0.682969058562122,1.02,18.7421561708017,-9.59957575798035,0.959678053855896,0.003335704857557,71.2523788710571
0.06883461904332,0.125083005122794,1.37555631547402,0,0,0,-0.159665003678599,-0.695938597267046,1.02,-0.156380240043499,-0.682969058562122,1.02,24.037880930644,-9.49953746795654,0.961858630180359,0.006106915848418,52.9572475984232
0.06813786083515,0.125424991360828,1.37552577819763,0,0,0,-0.159740724464744,-0.695848637533971,1.02,-0.156625020406353,-0.682799677557388,1.02,26.9920647259557,-9.39951944351196,0.955892622470856,0.010279766336821,29.5418379531167
0.066751410378303,0.1258051633245,1.37590822178967,0,0,0,-0.15983336388921,-0.695871124016992,1.02,-0.156625020406353,-0.682799677557388,1.02,26.9920647259557,-9.29954838752747,0.977279901504517,0.003941709783838,29.5418379531167
0.065834687917273,0.125901517516739,1.37641518724605,0,0,0,-0.159835719940215,-0.695889650323304,1.02,-0.156781738953614,-0.682840950728995,1.02,27.3034327703159,-9.19954538345337,1.01095843315125,0.005635816818992,3.11368044360183
0.065037825614116,0.126009108672818,1.37685539019045,0,0,0,-0.159962429003174,-0.695833523533942,1.02,-0.156781738953614,-0.682840950728995,1.02,20.1513595837158,-9.09906125068665,1.01004242897034,0.002282438162679,71.5207318660006
0.064691853728002,0.12630633429724,1.37729503059723,0,0,0,-0.159939342886526,-0.695850345724225,1.02,-0.156842334698993,-0.682768891241142,1.02,13.3449275886972,-8.99952173233032,0.956403970718384,0.002367596227489,68.0643199501861
0.064133637098547,0.126373004357272,1.37709717869523,0,0,0,-0.16001069537959,-0.695692341924386,1.02,-0.156842334698993,-0.682768891241142,1.02,5.30301388054606,-8.89946269989014,1.02288484573364,0.005483278967037,80.4191370815114
0.064040376372785,0.125955710458898,1.37620216850986,0,0,0,-0.16011528501144,-0.695890841397755,1.02,-0.156982484658458,-0.682739285512422,1.02,3.29923762418113,-8.79960513114929,1.01076698303223,0.008805382993229,20.0377625636493
0.063773391182069,0.126030998767062,1.37486079074861,0,0,0,-0.160147437942659,-0.695751839812165,1.02,-0.156982484658458,-0.682739285512422,1.02,11.557829510036,-8.69947004318237,1.04887914657593,0.008222025669238,82.5859188585486
0.064582621231721,0.125970021469831,1.37296044035515,0,0,0,-0.160185648524821,-0.695932987950572,1.02,-0.157027823865181,-0.682707631190057,1.02,18.7117323131418,-8.59943056106567,1.01053094863892,0.002582846391326,71.5390280310585
0.064709290284332,0.126198126256603,1.37181262574365,0,0,0,-0.160249202022039,-0.695866064999948,1.02,-0.157027823865181,-0.682707631190057,1.02,24.0183432795005,-8.49960708618164,0.961825549602508,0.003342629737896,53.0661096635869
0.065054330046045,0.126565015847397,1.37150465352704,0,0,0,-0.16015001462585,-0.695801131927733,1.02,-0.15707874842139,-0.682576928164368,1.02,24.0183432795005,-8.39959216117859,1.03885650634766,0.009307698595797,53.0661096635869
0.065054330046045,0.126565015847397,1.37150465352704,0,0,0,-0.16015001462585,-0.695801131927733,1.02,-0.15707874842139,-0.682576928164368,1.02,24.0183432795005,-8.29910492897034,1.00633990764618,0.009307698595797,53.0661096635869
0.065054330046045,0.126565015847397,1.37150465352704,0.016655495628111,0.032403734741672,1.0200000059307,-0.16015001462585,-0.695801131927733,1.02,-0.15707874842139,-0.682576928164368,1.02,24.0183432795005,-8.19945001602173,1.00730001926422,0.009307698595797,53.0661096635869
0.065054330046045,0.126565015847397,1.37150465352704,0.665547506337066,0.693327649159583,1.33347926071794,-0.16015001462585,-0.695801131927733,1.02,-0.15707874842139,-0.682576928164368,1.02,24.0183432795005,-8.09957551956177,1.00119042396545,0.009307698595797,53.0661096635869
0.065372809151075,0.127675964203636,1.37063388451718,0.665692399100566,0.693829336215932,1.33325136700303,-0.160189299870636,-0.695783485173589,1.02,-0.157118989644893,-0.682711892797264,1.02,13.3995708021604,-7.99951124191284,1.01672446727753,0.003636294957375,106.187724773401
0.092115758357194,0.167701107776587,1.33980612950912,-0.096732613016627,-0.397134678263003,1.32830687674671,-0.160203913241255,-0.69578961734255,1.02,-0.157118989644893,-0.682711892797264,1.02,5.31770363795161,-7.89951181411743,0.98652058839798,0.007720596405113,80.8186716420882
0.11754894385027,0.201422182646471,1.33601416164648,-0.08563845898507,-0.375610896415191,1.32435238771863,-0.160197810251823,-0.695720916697211,1.02,-0.157118989644893,-0.682711892797264,1.02,3.27314347812953,-7.79957437515259,1.00769174098969,0.004754329415267,20.4456015982208
0.134749589870296,0.230414603409603,1.3249359932342,-0.079179949788411,-0.361065364772642,1.32206328363039,-0.160186460042157,-0.695780105657428,1.02,-0.157118989644893,-0.682711892797264,1.02,11.548633334398,-7.69962024688721,1.01024162769318,0.001969689632541,82.7548985626843
0.13765490120117,0.244025182286119,1.31851835228358,-0.077190482416303,-0.352249073132262,1.31881918231031,-0.160135860637527,-0.695772504680913,1.02,-0.157118989644893,-0.682711892797264,1.02,18.690317223929,-7.59962511062622,0.982847511768341,0.008338258276537,71.4168388953103
0.124627246071181,0.250660216411604,1.30541908742221,-0.080113615027815,-0.348926874633753,1.30731538404194,-0.160169920768652,-0.695665329211517,1.02,-0.157118989644893,-0.682711892797264,1.02,24.0137948654854,-7.49962854385376,0.994908332824707,0.002353496027189,53.2347764155644
0.095267182631378,0.239511728209132,1.29816961935469,-0.085410268629411,-0.350807737648179,1.30148373239257,-0.160132319798384,-0.695803818474372,1.02,-0.157118989644893,-0.682711892797264,1.02,24.0137948654854,-7.39945840835571,1.01612269878387,0.005909707204351,53.2347764155644
0.063331905567033,0.221026067340446,1.29604533622027,-0.09604186283512,-0.358674313108815,1.29652512458778,-0.160228326806329,-0.695762313928402,1.02,-0.157118989644893,-0.682711892797264,1.02,26.9809664022652,-7.29964876174927,1.02637410163879,0.004079835757896,29.6717153677979
0.030216841387127,0.199624566065646,1.29707388781251,-0.098113309484949,-0.360646232961131,1.29629042903975,-0.160346726713258,-0.695788510473279,1.02,-0.157118989644893,-0.682711892797264,1.02,27.3037167755279,-7.1994948387146,1.01670229434967,0.005246306499512,3.22750373262689
-0.006789006725064,0.174326372789687,1.29957296146357,-0.115635725126633,-0.379766655165587,1.29869347849443,-0.160201570627797,-0.695767312729127,1.02,-0.116969194535557,-0.677054639405819,1.02,24.960257535308,-7.09965348243713,0.965293347835541,0.002700069495667,23.4345924021994
-0.039625339480777,0.151703277922935,1.30190534174594,-0.094658754546362,-0.387451631374499,1.30123963749898,-0.160267265633622,-0.695708408922453,1.02,-0.160818408752216,-0.689668493682022,1.02,13.4107901160493,-6.99963474273682,0.953152537345886,0.00497943485777,115.494674192587
-0.071224992899337,0.128292702883639,1.30341467111268,-0.127281497128825,-0.394462512850658,1.30123965246067,-0.160267265633622,-0.695708408922453,1.02,-0.160818408752216,-0.689668493682022,1.02,5.33092060543188,-6.89967370033264,0.984785676002502,0.02848433770093,80.7986951061739
-0.091325321145575,0.111675579822043,1.30462339748604,-0.142154300344117,-0.413618345436924,1.30474564411565,-0.160267265633622,-0.695708408922453,1.02,-0.160818408752216,-0.689668493682022,1.02,3.91318289883534,-6.79961705207825,1.04760611057282,0.111624960017679,14.1773770659654
-0.110981341094679,0.090721271527617,1.30478124406739,-0.147699928220182,-0.423354190143853,1.30483433292417,-0.160267265633622,-0.695708408922453,1.02,-0.160818408752216,-0.689668493682022,1.02,3.91318289883534,-6.69957709312439,1.02685022354126,0.01486245495086,14.1773770659654
-0.125815764506892,0.069395093895942,1.30550124862187,-0.151091059905764,-0.4311887753093,1.30511733363313,-0.150067065472165,-0.697642789490181,1.02,-0.159131041852343,-0.690198342546183,1.02,4.33622699999874,-6.59956836700439,1.02719593048096,0.01486245495086,4.23044101163399
-0.134070024615856,0.050717554511147,1.3063641782305,-0.153689605017273,-0.439722338540931,1.30611325998258,-0.153547146925391,-0.697019627372415,1.02,-0.159131041852343,-0.690198342546183,1.02,24.4415583241859,-6.49958300590515,1.06196236610413,0.01486245495086,201.053313241871
-0.140888836238116,0.029828170614335,1.3065255395468,-0.153768189650785,-0.446358028885105,1.30667545494612,-0.15285537301531,-0.697112812820304,1.02,-0.153149438964696,-0.691739643398767,1.02,27.1374126440418,-6.39962816238403,1.04931533336639,0.014181758138539,26.958543198559
-0.143780608022333,0.0114637211611,1.30563070855771,-0.150555714201892,-0.456289442941484,1.3062721260838,-0.153248073548313,-0.696979757814906,1.02,-0.153149438964696,-0.691739643398767,1.02,27.2809093014897,-6.29948163032532,1.00520014762878,0.019421617403763,1.43496657447937
-0.144991732197007,-0.007845555484763,1.30338932917565,-0.151018314005231,-0.463311993198309,1.30478001234931,-0.157999233188893,-0.696373267447607,1.02,-0.159299539959786,-0.691156360900896,1.02,24.8039988958827,-6.19967603683472,0.979549467563629,0.074341487958036,24.7691040560701
-0.144535734039039,-0.02451081334348,1.30065809882652,-0.155597073040105,-0.471309101627444,1.30174265697476,-0.164271566278521,-0.695336660481333,1.02,-0.159299539959786,-0.691156360900896,1.02,20.2675300321464,-6.0996618270874,0.959498882293701,0.047227417109862,45.364688637363
-0.141536731861084,-0.043570148409203,1.29781543452483,-0.15582407120688,-0.477884734338449,1.29908604999425,-0.168353889613114,-0.694279823598964,1.02,-0.16017786363805,-0.69110257258067,1.02,13.8774099704974,-5.99948716163635,0.961621284484863,0.031754506431899,63.90120061649
-0.138769288613865,-0.062779224464037,1.29663853127911,-0.155247791861433,-0.484113525138343,1.29713464895111,-0.17083192551646,-0.69380626323985,1.02,-0.16017786363805,-0.69110257258067,1.02,6.1284199231088,-5.89948010444641,0.990215718746185,0.033298558567171,77.4899004738858
-0.135184922953136,-0.082723369518384,1.29753086611339,-0.154111523118791,-0.49472477533609,1.29719131713139,-0.174803748962285,-0.692982468127166,1.02,-0.16017786363805,-0.69110257258067,1.02,2.05164636539025,-5.79955697059631,1.00535774230957,0.050861395366948,40.7677355771855
-0.132318474030502,-0.103692008400987,1.29953088509281,-0.15992351868436,-0.502689141460898,1.2984686983861,-0.178749482392163,-0.692186341039054,1.02,-0.16918392125276,-0.69026885322863,1.02,2.05164636539025,-5.69966650009155,1.04296791553497,0.024616469524566,40.7677355771855
-0.129779109526377,-0.122065722821177,1.3013285274148,-0.159439257381409,-0.509075646683743,1.30060961830299,-0.179747265364673,-0.692094947544248,1.02,-0.177546802649819,-0.688803449749631,1.02,10.0241863153341,-5.59962487220764,0.996168673038483,0.004176809400883,79.7253994994385
-0.127885132633358,-0.144854669296429,1.30282266939064,-0.165146190900876,-0.515689981251659,1.30216722039255,-0.179700702679108,-0.691907424827406,1.02,-0.177546802649819,-0.688803449749631,1.02,17.3200943155803,-5.49951195716858,0.989908933639526,0.012209369721485,72.9590800024618
-0.126908525150822,-0.161824285754799,1.30391551696931,-0.164730476471579,-0.524475189667024,1.30380233068259,-0.181757261289081,-0.69169679933916,1.02,-0.18134934604852,-0.688425335455102,1.02,26.4304073140234,-5.39963531494141,1.03630018234253,0.028061343081273,91.103129984431
-0.127099194146505,-0.186675242863719,1.30520567107818,-0.167388528094533,-0.532371443294348,1.30469629608473,-0.184034420351564,-0.691049619138327,1.02,-0.183491585406241,-0.688097879264226,1.02,27.286785460309,-5.29957270622253,1.01026797294617,0.013679500119473,8.56378146285643
-0.128168988413427,-0.206950154284709,1.30610268630921,-0.16918715679744,-0.53984932310433,1.30561077291877,-0.185106975552468,-0.690900130566134,1.02,-0.183491585406241,-0.688097879264226,1.02,25.5924885476319,-5.1996750831604,1.05237376689911,0.002642165040872,16.9429691267709
-0.130386812182336,-0.2277049236414,1.3072166827637,-0.16962444080099,-0.547524410251842,1.30688433153401,-0.185364570847504,-0.691021312483899,1.02,-0.183491585406241,-0.688097879264226,1.02,21.4246782882482,-5.09956622123718,0.99793142080307,0.010836840956672,41.6781025938375
-0.133000393727328,-0.246542759309879,1.30786264141,-0.174354671433282,-0.554171974819193,1.30753435627854,-0.185371939896533,-0.690886902083427,1.02,-0.189125865658401,-0.687126449046167,1.02,15.1354523385275,-4.99952340126038,1.0297816991806,0.003692943272057,62.8922594972068
-0.135447552758304,-0.261277322800248,1.30824096221985,-0.175316426031435,-0.56190099829106,1.30828470548398,-0.186178115991101,-0.690795357069903,1.02,-0.189125865658401,-0.687126449046167,1.02,7.44695385336173,-4.89952874183655,0.97006756067276,0.007836840908055,76.8849848516577
-0.139750506598786,-0.285565845970729,1.30933812777201,-0.175861548889386,-0.567017346289175,1.3091383339696,-0.190067884351813,-0.690019938445711,1.02,-0.189125865658401,-0.687126449046167,1.02,0.549096910172611,-4.79963231086731,0.979169130325317,0.059570124743165,68.9785694318912
-0.142654021051841,-0.305941800190551,1.31052370635934,-0.176848904494412,-0.574798093784714,1.30997301684836,-0.190067884351813,-0.690019938445711,1.02,-0.189125865658401,-0.687126449046167,1.02,8.58865643576257,-4.6996340751648,0.981329798698425,0.059570124743165,80.3955952558995
-0.144537069442236,-0.322956012953916,1.31192966189606,-0.17759250423393,-0.582363827821644,1.31146314247562,-0.198004357657097,-0.688327417669163,1.02,-0.189125865658401,-0.687126449046167,1.02,15.9674360443943,-4.59966397285461,0.992749452590942,0.031795433887351,73.7877960863168
-0.146150650907709,-0.346679460540767,1.31458062636188,-0.178001843753618,-0.58869024473358,1.31338467380878,-0.198336740599947,-0.688316533859863,1.02,-0.189125865658401,-0.687126449046167,1.02,15.9674360443943,-4.49951362609863,0.985333621501923,0.009163556720612,73.7877960863168
-0.14661543432578,-0.36743855149549,1.31676370204855,-0.178159857131066,-0.595807820120407,1.31586603327554,-0.19991250942351,-0.687996430057423,1.02,-0.189125865658401,-0.687126449046167,1.02,21.9016463615575,-4.39967107772827,0.979636251926422,0.012250293364229,59.3421031716328
-0.146495509419577,-0.386392561346243,1.31808960918318,-0.17826809041318,-0.600521766901071,1.31722765378806,-0.197791815180488,-0.688451445198048,1.02,-0.189125865658401,-0.687126449046167,1.02,25.8363675150369,-4.29961013793945,1.00941276550293,0.012365916850531,39.3472115347933
-0.145921186628076,-0.409238836929905,1.31882656191936,-0.178169694011363,-0.610542962785775,1.31835184082761,-0.198267846408472,-0.688346093130869,1.02,-0.189125865658401,-0.687126449046167,1.02,27.1998760677435,-4.19962859153748,0.97052925825119,0.012721598012153,13.6350855270668
-0.145235268131958,-0.433099072649975,1.31934319326409,-0.177940246328446,-0.617398966443203,1.31911367099335,-0.198408891129553,-0.688457006349144,1.02,-0.189125865658401,-0.687126449046167,1.02,22.0200348414097,-4.09963941574097,0.996999263763428,0.006387088173854,51.7984122633386
-0.144707996177509,-0.448951917955995,1.31965055001963,-0.17778049898515,-0.622929401881016,1.3195393421831,-0.198029362182993,-0.688462400016067,1.02,-0.189125865658401,-0.687126449046167,1.02,22.0030341588298,-3.99957466125488,1.02796804904938,0.008443963891937,0.170006825798659
-0.144131813497608,-0.474045994233958,1.32053254894181,-0.177680568962668,-0.628006265517246,1.32002534039629,-0.198304779903057,-0.688315839928593,1.02,-0.401513159842016,-0.659095003002065,1.02,8.4002588110576,-3.89966988563538,0.987308204174041,0.006962876510785,136.027753477722
-0.145649813088259,-0.496225184646419,1.32244849535277,-0.333173653691166,-0.615096804785461,1.32035315593383,-0.205579239164304,-0.686564713652152,1.02,-0.941957859747599,-0.733163726486265,1.02,0.078783088532656,-3.79967570304871,1.04901659488678,0.233766756403197,83.2147572252495
-0.151891922277391,-0.518132039691871,1.32284986569063,-0.670469056326203,-0.674439748601638,1.32073824668187,-0.242570827666425,-0.678027107939887,1.02,-0.941957859747599,-0.733163726486265,1.02,5.70024772921706,-3.69961595535278,1.00106477737427,0.449415357324174,56.2146464068441
-0.167160645905973,-0.541163385775355,1.32258772189204,-0.675129042578801,-0.680652172464259,1.32079144162283,-0.281552545776168,-0.669729833753106,1.02,-0.946353926641059,-0.729435034286841,1.02,10.123441963221,-3.59939575195312,1.01708948612213,0.342284288449413,44.2319423400389
-0.190606636773437,-0.564959131375817,1.32147505947616,-0.687093227410099,-0.6848964945066,1.32047779189689,-0.303932752547345,-0.66624241747581,1.02,-0.946353926641059,-0.729435034286841,1.02,15.270577601928,-3.49951386451721,0.962016403675079,0.137979997286283,51.4713563870709
-0.215020388782087,-0.585384691858008,1.32052389681595,-0.698231836918602,-0.690813268408974,1.32029186832828,-0.315284294537983,-0.66323156823433,1.02,-0.95040962148468,-0.712391803573767,1.02,15.270577601928,-3.39963030815125,0.977716565132141,0.13637410795954,51.4713563870709
-0.246917181834863,-0.60952139617127,1.31989804663169,-0.710505226043249,-0.682868182499266,1.31996564173672,-0.337310451957663,-0.658611792283802,1.02,-0.95040962148468,-0.712391803573767,1.02,20.2370232836061,-3.29965615272522,0.99061769247055,0.278048368624197,49.6644568167801
-0.281934702969779,-0.632401824097876,1.32017391202078,-0.72662204246492,-0.654534794735846,1.31976817444456,-0.364793158301285,-0.652881280837567,1.02,-0.955278963269116,-0.666631275798162,1.02,23.349900611228,-3.19965410232544,1.022913813591,0.231901090815808,31.1287732762192
-0.30377820229364,-0.643894316820787,1.32024857079088,-0.738676595068472,-0.659070482094345,1.32006385568428,-0.378419892109298,-0.650744502868988,1.02,-0.955278963269116,-0.666631275798162,1.02,25.7212632540557,-3.09956765174866,0.98425966501236,0.200205649564905,23.7136264282778
-0.344042095601686,-0.658364337326568,1.32112434300469,-0.744744601370764,-0.658487089052164,1.3200358194003,-0.395590465886248,-0.646711017557742,1.02,-0.95548978607475,-0.663289502096777,1.02,23.9694054426572,-2.99958539009094,1.00295352935791,0.136088273589656,17.5185781139851
-0.374949795946601,-0.66210248352029,1.32172723442073,-0.763774695478845,-0.662489089896274,1.32035640724389,-0.409284325978747,-0.643458091802757,1.02,-0.95548978607475,-0.663289502096777,1.02,20.9669932813475,-2.89969921112061,0.982000231742859,0.159373779778024,30.0241216130971
-0.404031666043527,-0.660013602724874,1.32206301314055,-0.781352578988932,-0.684939202127519,1.32050502981504,-0.409284325978747,-0.643458091802757,1.02,-0.956664032954445,-0.693145580406608,1.02,16.4820613866808,-2.79948210716248,0.997402966022491,0.200533024050883,44.8493189466671
-0.440989328022138,-0.651150581724732,1.32287625706834,-0.792035295624648,-0.683618423822933,1.32065038951174,-0.412442082940004,-0.642954197848001,1.02,-0.955671343065248,-0.674904865594159,1.02,10.9891109465185,-2.6994001865387,0.989410400390625,0.155745745517906,54.9295044016237
-0.463547564061049,-0.644488784628088,1.32327481871378,-0.802149405383788,-0.668216948124902,1.32080070533126,-0.458886183778455,-0.633179747067295,1.02,-0.955671343065248,-0.674904865594159,1.02,4.75085308619678,-2.59969425201416,1.0103520154953,0.164515489582844,62.3825786032167
-0.487619306091562,-0.637231474867859,1.32348474404227,-0.814455736139613,-0.666635084401742,1.32091311990038,-0.474782429883962,-0.629731919896737,1.02,-0.954195401813951,-0.676626730028919,1.02,2.17349643706554,-2.49969792366028,0.991150617599487,0.152149032413987,25.7735664913124
-0.531788373074245,-0.623388712468729,1.32360362515892,-0.825667841346366,-0.664209220133205,1.32093184785398,-0.492139820784633,-0.626458785056874,1.02,-0.954195401813951,-0.676626730028919,1.02,2.17349643706554,-2.39969873428345,0.990088880062103,0.172284271494799,25.7735664913124
-0.569649976962786,-0.613123720762431,1.32350639962465,-0.841046725935377,-0.655243316159468,1.32097365247243,-0.510920243259649,-0.623109416445375,1.02,-0.958547881536659,-0.66812662510361,1.02,8.05892777024974,-2.29966235160828,0.989511847496033,0.149205354658016,58.854313331842
-0.580532796380723,-0.610170338638448,1.32322845298884,-0.850912248719674,-0.653288401869459,1.32083703077166,-0.515749180582036,-0.622096920861192,1.02,-0.958111833130267,-0.647225771743453,1.02,13.5776752547732,-2.19955492019653,0.987172603607178,0.15116500135503,55.1874748452346
-0.633399127229642,-0.599148129481326,1.32048400233385,-0.855860753304183,-0.63683483465252,1.3206511422503,-0.54175396221955,-0.615678467577644,1.02,-0.958111833130267,-0.647225771743453,1.02,22.9718539698918,-2.09960055351257,0.994656085968018,0.153136995117228,93.9417871511858
-0.667074510111528,-0.592662027101197,1.31894362408404,-0.874485594049771,-0.630390014359694,1.31950694911173,-0.556901274544856,-0.612329263915661,1.02,-0.960024323857496,-0.642245300069263,1.02,24.0765703463426,-1.99965453147888,0.985343635082245,0.137382831493095,11.0471637645085
-0.699932364972207,-0.586410866288493,1.31842692352992,-0.882389444645648,-0.629332057242548,1.31859069979783,-0.571129370950277,-0.610039277163218,1.02,-0.960024323857496,-0.642245300069263,1.02,24.1279175693745,-1.8995156288147,0.973840594291687,0.153004998127147,0.513472230318541
-0.718967732126743,-0.582703361329238,1.31809212758357,-0.899511640007618,-0.626248363845872,1.31836219039365,-0.578869062232763,-0.608332473696194,1.02,-0.971904989286682,-0.640024245983537,1.02,22.3497211590408,-1.79958701133728,0.968055009841919,0.159805622852109,17.7819641033372
-0.750695878797648,-0.575822281216678,1.31662978988301,-0.908914696354359,-0.624644044545676,1.31782598703406,-0.595192568898946,-0.604773827253559,1.02,-0.953715236161852,-0.624937005683281,1.02,22.3497211590408,-1.69963479042053,0.980429410934448,0.139777509229147,17.7819641033372
-0.787786346953802,-0.566639429751218,1.3153385667815,-0.910232840714966,-0.610239470888118,1.31542597943102,-0.610153877966135,-0.600994414880807,1.02,-0.953715236161852,-0.624937005683281,1.02,19.3252659213621,-1.59954452514648,1.01828587055206,0.136778816641713,30.2445523767863
-0.820561426315653,-0.55804667279517,1.31480092390217,-0.915311221511483,-0.608961509898173,1.31495693962683,-0.62241805239411,-0.598447980854274,1.02,-0.969172661915004,-0.618297359558455,1.02,14.8027285908378,-1.49967050552368,0.977055549621582,0.143876274673283,45.2253733052437
-0.852319848221176,-0.548741927860699,1.31325131408194,-0.935341397519953,-0.601637210940705,1.31401740946752,-0.637239981700557,-0.595630201299939,1.02,-0.969172661915004,-0.618297359558455,1.02,9.41643836009669,-1.39959478378296,0.967313051223755,0.132294681748708,53.8629023074109
-0.881550732720525,-0.538007928453547,1.31183518854879,-0.943640376035077,-0.599022907376894,1.31244480485089,-0.649725121676135,-0.5929523641034,1.02,-0.98395930252101,-0.617585220072579,1.02,4.15335252023371,-1.29963517189026,1.0162798166275,0.119585772874307,52.6308583986298
-0.907522865196374,-0.527894563834019,1.3124205710078,-0.960441255159114,-0.59609234727847,1.31217023345044,-0.66372844937617,-0.589879018887629,1.02,-0.98395930252101,-0.617585220072579,1.02,4.15335252023371,-1.19963383674622,1.00329267978668,0.116784721647614,52.6308583986298
-0.926505689108256,-0.52045405106139,1.31345765129825,-0.965055505132587,-0.594269416661462,1.31254679450711,-0.674657584071197,-0.587018846150982,1.02,-0.973066029370337,-0.606870880700043,1.02,4.15335252023371,-1.09963488578796,0.972964584827423,0.116784721647614,52.6308583986298
-0.941782920979476,-0.515767921039331,1.31293607619418,-0.964306727991668,-0.583699645976055,1.31304994566549,-0.684174582403066,-0.585113496909754,1.02,-0.973066029370337,-0.606870880700043,1.02,4.15335252023371,-0.99954342842102,1.00323665142059,0.116784721647614,52.6308583986298
-0.954561494389665,-0.512145590718462,1.31185797256431,-0.982219113259955,-0.580515039223946,1.31264460624541,-0.696965319127927,-0.582473852246281,1.02,-0.994683248851239,-0.603403093733536,1.02,4.15335252023371,-0.899603605270386,0.94980251789093,0.124149029686293,52.6308583986298
-0.962042469490479,-0.510737894194081,1.31075624106499,-0.985754618410403,-0.579787025517694,1.31101615844269,-0.706010896549992,-0.580947395372464,1.02,-0.994683248851239,-0.603403093733536,1.02,3.37672901086062,-0.799631357192993,0.996444165706634,0.122550601601311,7.76623509373086
-0.968814612957284,-0.512754555618854,1.3098032280629,-0.965730798272832,-0.575475984738398,1.3102161591973,-0.712834519504183,-0.579642898472001,1.02,-0.965569116563487,-0.597495721579595,1.02,22.2019289307196,-0.699667930603027,0.983892321586609,0.09077143833264,188.25199919859
-0.971602999725857,-0.515059800088005,1.30914726432617,-0.966654372611326,-0.575841929107531,1.30978584230631,-0.724808390717494,-0.577218589629066,1.02,-0.968441610107599,-0.595185001420035,1.02,19.5030053562268,-0.599564790725708,1.00797319412231,0.12393460250715,26.9892357449276
-0.97396057036365,-0.519626191575821,1.30888154009952,-0.969652027655889,-0.575277437713154,1.30861812114473,-0.739282719647607,-0.573967179720498,1.02,-0.968441610107599,-0.595185001420035,1.02,15.4154281160586,-0.499508857727051,1.02506005764008,0.134520325217559,40.875772401682
-0.974027499121032,-0.521578662078648,1.30934064449256,-1.03497483948232,-0.509645877673489,1.30939254298439,-0.744688696955986,-0.572817779452049,1.02,-1.05594865403291,-0.505539447502247,1.02,15.4154281160586,-0.399566411972046,1.02846920490265,0.113086396968822,40.875772401682
-0.971979097216227,-0.524985198180259,1.3107187041912,-1.03497483948232,-0.509645877673489,1.30938235479408,-0.756787773756645,-0.570055371252206,1.02,-1.05594865403291,-0.505539447502247,1.02,3.35647545934057,-0.29956579208374,0.993368625640869,0.129873840573993,120.58952656718
-0.970713491298164,-0.52228389036719,1.31243026831445,-0.976155548654276,-0.567945136023772,1.31076372625205,-0.756787773756645,-0.570055371252206,1.02,-0.977592791261877,-0.582728943550978,1.02,3.35647545934057,-0.19954514503479,1.01247847080231,0.129873840573993,120.58952656718
-0.973688192486936,-0.515063717940548,1.31457258015157,-0.97636391619018,-0.566095617031041,1.3138756679627,-0.773154843650806,-0.566615152545103,1.02,-0.977592791261877,-0.582728943550978,1.02,4.19680263047575,-0.099517107009888,1.01427125930786,0.017012222037397,8.4032717113518
-0.976713105382319,-0.506786966890455,1.31676205346106,-0.97889411829303,-0.562238589785753,1.31555886265295,-0.777810278097431,-0.56574465074487,1.02,-0.980167304182577,-0.579704730669195,1.02,14.6715551405709,0.000391721725464,1.00312113761902,0.112652435913269,104.747525100952
-0.978798170638559,-0.497274270862889,1.31999321827411,-0.979455951370403,-0.560198216857237,1.31936353600154,-0.791595934806799,-0.563165618056754,1.02,-1.06248707404122,-0.500438370867923,1.02,18.8335528236194,0.100530385971069,0.999141275882721,0.117924615455361,41.6199768304852
-0.979250910741711,-0.489471473496644,1.32321825046099,-1.04121490346099,-0.498690515511287,1.3203852228559,-0.803635325944627,-0.560479155631709,1.02,-1.06248707404122,-0.500438370867923,1.02,21.3429019109212,0.200361013412476,0.977432489395142,0.115136285261645,25.0934908730172
-0.978716885934232,-0.484615361565654,1.32411450143424,-1.02226351422078,-0.525032765713086,1.32094762946092,-0.810689060746021,-0.558958289382652,1.02,-1.03722807749927,-0.538015075488231,1.02,21.3429019109212,0.30043625831604,1.00114715099335,0.086996610971553,25.0934908730172
-0.980232830133752,-0.478819762883615,1.32571563293627,-1.0223698360885,-0.523665361323665,1.32133432141126,-0.816070092430327,-0.557764253621972,1.02,-1.03722807749927,-0.538015075488231,1.02,22.3248221202431,0.400368213653564,0.96580421924591,0.03054416832092,9.81920209321959
-0.98313001516228,-0.471843332415885,1.32529188865944,-1.02930383337533,-0.515817415504149,1.32146291237885,-0.818153051191149,-0.557231473962492,1.02,-1.04586136186427,-0.529880842234321,1.02,18.7213897140781,0.500496625900269,0.986492991447449,0.026440756323246,36.0343240616502
-0.98676413979988,-0.467306431742759,1.32441702819694,-1.03000243426988,-0.514739798794229,1.32132394412942,-0.822344264673926,-0.55638732136885,1.02,-1.0690993234404,-0.399298761379501,1.02,14.2040045374033,0.600330114364624,1.01086914539337,0.071678782779019,45.1738517667475
-0.992266825570048,-0.462505000361468,1.32259792250606,-1.04851904479955,-0.416338221165103,1.32102591330728,-0.830460008454573,-0.55461153427179,1.02,-1.0690993234404,-0.399298761379501,1.02,8.64434087621657,0.700320959091187,1.00737082958221,0.060523013750111,55.5966366118676
-0.999187637269933,-0.454027324387312,1.31853851707,-0.980101536817535,-0.551101974231503,1.31999300564945,-0.833690756524266,-0.554187058456949,1.02,-0.974831674050807,-0.582877298806594,1.02,2.42940123754984,0.80034613609314,1.02519547939301,0.005437898827109,62.1493963866674
-1.00471074165575,-0.443368347460678,1.31712403629285,-0.981484914886161,-0.549111593663608,1.31803729553617,-0.833598392921854,-0.554140504692275,1.02,-0.937324076448995,-0.534631296544288,1.02,4.44268771069564,0.900371551513672,1.00527548789978,0.011111726087055,20.132864731458
-1.00801716377384,-0.433010752194441,1.31403146845091,-0.955381267083722,-0.509237260542224,1.31533840875275,-0.844748318954189,-0.551913257703527,1.02,-0.937324076448995,-0.534631296544288,1.02,4.44268771069564,1.00044822692871,1.01976299285889,0.142136156115418,20.132864731458
-1.00767228987115,-0.430296155176063,1.31233848961815,-0.955334935431234,-0.5079189538445,1.31237620907005,-0.853785191485219,-0.549929871953248,1.02,-0.937324076448995,-0.534631296544288,1.02,10.2012432010555,1.10042858123779,0.993980824947357,0.297908590286387,57.5855549035985
-0.994872834825086,-0.430785662213371,1.30848434488674,-0.93042936151915,-0.513044612282127,1.31237618524408,-0.901017229254832,-0.540033846517399,1.02,-0.903847743663378,-0.541520848861201,1.02,19.329253039926,1.20043730735779,1.04710268974304,0.274242171613607,91.2800983887056
-0.977485329806062,-0.436921262927973,1.308171681177,-0.925192565730998,-0.51369863873159,1.30800299885717,-0.926368532396638,-0.535448710981901,1.02,-0.903847743663378,-0.541520848861201,1.02,20.0727363448614,1.30033349990845,1.01257658004761,0.234281582728408,7.43483304935324
-0.969372025609231,-0.440643595194325,1.30852879767194,-0.920623558441103,-0.515693809941724,1.30858404668334,-0.93590244676309,-0.533116097909172,1.02,-0.867750191432971,-0.546516111393101,1.02,20.0727363448614,1.400395154953,1.0246274471283,0.262241701852059,7.43483304935324
-0.93510665860366,-0.455980946495065,1.31151897299279,-0.892854592793358,-0.519842375173873,1.30883246538389,-0.988338961519357,-0.522212861548282,1.02,-0.867750191432971,-0.546516111393101,1.02,20.8994737339946,1.50044369697571,0.980581343173981,0.378339543603235,8.26737389133239
-0.930224339539366,-0.457882612148118,1.31178184351336,-0.883745097504361,-0.523823772762447,1.31182209506804,-0.995797029368205,-0.520760136106467,1.02,-0.867750191432971,-0.546516111393101,1.02,20.8142685312171,1.60038590431213,1.01180040836334,0.368050466848533,0.852052027774981
-0.898098342061735,-0.471702107982752,1.31492969057252,-0.925226503880389,-0.517328631055703,1.31495600946761,-1.01573251287449,-0.517235743867355,1.02,-0.934562120700694,-0.533030090854181,1.02,17.1198948973081,1.70036554336548,1.02139854431152,0.042593741291227,36.9437363390901
-0.870944514568204,-0.481694255644954,1.31766300168666,-0.919738134286257,-0.519377219790766,1.31697353857965,-1.01447641790079,-0.516815462753752,1.02,-0.934562120700694,-0.533030090854181,1.02,13.0385120220692,1.80043840408325,0.992397844791412,0.025386140963689,40.8138287523895
-0.853178851940628,-0.485990707151208,1.31838958940916,-0.916587771952506,-0.520402629040903,1.31799380669925,-1.01607657177282,-0.51638956611267,1.02,-0.934562120700694,-0.533030090854181,1.02,7.4452124858796,1.90034747123718,0.9981529712677,0.006899863806812,55.9329953618956
-0.847468812963575,-0.485579904822215,1.31802870532099,-0.963178790198921,-0.511573831865135,1.31839983693258,-1.01542843752851,-0.517067900793373,1.02,-1.00103308923333,-0.520377754917642,1.02,1.1701214524387,2.00043439865112,0.985443115234375,0.014936934401639,62.750910334409
-0.84710282273616,-0.483030234872008,1.31782445616365,-0.961623176046683,-0.510815878736955,1.31783750474032,-1.01441167180975,-0.516805274145098,1.02,-1.00103308923333,-0.520377754917642,1.02,5.37219416364975,2.10052990913391,1.02227735519409,0.021835281256228,42.0207271121106
-0.859735935854114,-0.4712796670884,1.3172604424804,-0.963135125560648,-0.509692850505194,1.31784326655063,-1.00283525346333,-0.520007347012122,1.02,-1.00301789271756,-0.518919893501778,1.02,11.7778757924812,2.20034146308899,1.00843477249146,0.137787046325687,64.0568162883142
-0.879221367782907,-0.458455376774738,1.31648164511714,-0.973015157530852,-0.503938262710953,1.31712036749986,-0.993253386288508,-0.521484167899724,1.02,-1.00794534369954,-0.51790824160445,1.02,11.7778757924812,2.3004515171051,0.99756795167923,0.137894415104303,64.0568162883142
-0.902823560282083,-0.445874333188699,1.31566724355975,-0.965902118515502,-0.505862897698789,1.31708620935443,-0.981843343192637,-0.523280003010412,1.02,-0.997784981494688,-0.520765364332779,1.02,11.7778757924812,2.40032935142517,1.02066016197205,0.137894415104303,64.0568162883142
-0.91893960040289,-0.437675646058305,1.31457590989001,-0.970426200267245,-0.50030213972754,1.31460326017384,-0.980726247711437,-0.523349059649861,1.02,-0.988144288974309,-0.521853801540256,1.02,11.7778757924812,2.50034928321838,1.01649951934814,0.137894415104303,64.0568162883142
-0.91893960040289,-0.437675646058305,1.31457590989001,-0.963806111889055,-0.501378486273536,1.31460326587951,-0.980726247711437,-0.523349059649861,1.02,-0.979246028814899,-0.52330055137671,1.02,11.7778757924812,2.60041809082031,1.03391551971436,0.137894415104303,64.0568162883142
-0.91893960040289,-0.437675646058305,1.31457590989001,-0.963806111889055,-0.501378486273536,1.31460326587951,-0.980726247711437,-0.523349059649861,1.02,-0.979839698942695,-0.52309036200122,1.02,11.7778757924812,2.70042610168457,0.975875556468964,0.010517473476429,64.0568162883142
-0.91893960040289,-0.437675646058305,1.31457590989001,-0.964247787975686,-0.501222110511516,1.31460326542219,-0.980726247711437,-0.523349059649861,1.02,-0.978984557025046,-0.523269850568562,1.02,17.062923854653,2.80042004585266,1.03218829631805,0.010517473476429,52.8504806217184
-0.91893960040289,-0.437675646058305,1.31457590989001,-0.963611583258538,-0.501355645622066,1.31460326603251,-0.980726247711437,-0.523349059649861,1.02,-0.978984557025046,-0.523269850568562,1.02,17.062923854653,2.90032505989075,1.02733886241913,0.010517473476429,52.8504806217184
-0.91893960040289,-0.437675646058305,1.31457590989001,-0.963655435496856,-0.501345331169315,1.31460326599378,-0.980726247711437,-0.523349059649861,1.02,-0.979043500139027,-0.523255986601702,1.02,17.062923854653,3.00033164024353,1.01176154613495,0.010517473476429,52.8504806217184
-0.91893960040289,-0.437675646058305,1.31457590989001,-0.963593871226641,-0.501358623161499,1.31460326604759,-0.980726247711437,-0.523349059649861,1.02,-0.978960749749637,-0.523273852769068,1.02,17.062923854653,3.10032653808594,0.975528836250305,0.010517473476429,52.8504806217184
-0.91893960040289,-0.437675646058305,1.31457590989001,-0.963598131884352,-0.501357688407605,1.3146032660439,-0.980726247711437,-0.523349059649861,1.02,-0.978966476627961,-0.523272596338182,1.02,17.062923854653,3.2003231048584,1.00373983383179,0.010517473476429,52.8504806217184
-0.91893960040289,-0.437675646058305,1.31457590989001,-0.963593637246746,-0.501359659966484,1.31460326604813,-0.980726247711437,-0.523349059649861,1.02,-0.978960435250214,-0.523275246369902,1.02,17.062923854653,3.30034041404724,0.987062335014343,0.010517473476429,52.8504806217184
-0.91893960040289,-0.437675646058305,1.31457590989001,-0.990025718725967,-0.499136229264077,1.11694693156611,-0.980726247711437,-0.523349059649861,1.02,-0.978960435250214,-0.523275246369902,1.02,17.062923854653,3.40034079551697,0.979931771755218,0.010517473476429,52.8504806217184
-0.91893960040289,-0.437675646058305,1.31457590989001,-0.991707367025165,-0.499687147008754,1.11602223467082,-0.980726247711437,-0.523349059649861,1.02,-0.982222017134702,-0.5226185910571,1.02,17.062923854653,3.50035452842712,0.916186511516571,0.010517473476429,52.8504806217184
-0.91893960040289,-0.437675646058305,1.31457590989001,-0.995191836000132,-0.500097996928485,1.11293160325209,-0.980726247711437,-0.523349059649861,1.02,-0.982483330046517,-0.522584745770119,1.02,17.062923854653,3.60031080245972,0.96391087770462,0.010517473476429,52.8504806217184
-0.91893960040289,-0.437675646058305,1.31457590989001,-0.994859920634442,-0.500890392107181,1.10724463674557,-0.980726247711437,-0.523349059649861,1.02,-0.982946945760786,-0.522503033767053,1.02,17.062923854653,3.70048236846924,0.987238943576813,0.010517473476429,52.8504806217184
-0.91893960040289,-0.437675646058305,1.31457590989001,-0.993684797094853,-0.501551760928838,1.10049060356344,-0.980726247711437,-0.523349059649861,1.02,-0.982946945760786,-0.522503033767053,1.02,17.062923854653,3.80044269561768,1.00108277797699,0.010517473476429,52.8504806217184
-0.91893960040289,-0.437675646058305,1.31457590989001,-0.991079130153972,-0.502294913252264,1.09325899520828,-0.980726247711437,-0.523349059649861,1.02,-0.9829509923928,-0.522517280938492,1.02,17.062923854653,3.90029811859131,0.957677602767944,0.010517473476429,52.8504806217184
-0.985269151306196,-0.418176389144972,1.30773572841563,-0.973996991160294,-0.497679588300476,1.11924695069778,-0.978935110855564,-0.523706601474817,1.02,-0.982671549958761,-0.522589667768343,1.02,1.13350908367101,4.00031232833862,1.01598179340363,0.015379399249248,159.29414770982
-0.993610572883776,-0.419480549859584,1.30731071404203,-0.983336599265579,-0.495857320020909,1.11736949960369,-0.979905705975408,-0.523775105741752,1.02,-0.982671549958761,-0.522589667768343,1.02,7.59640313639317,4.10038781166077,1.01415872573853,0.001951249853436,64.6289405272216
-0.993610572883776,-0.419480549859584,1.30731071404203,-0.985765229529486,-0.496308725114928,1.1171910039725,-0.979905705975408,-0.523775105741752,1.02,-0.983065410816924,-0.522747613909645,1.02,7.59640313639317,4.20034956932068,0.986263036727905,0.001951249853436,64.6289405272216
-0.983381890741924,-0.454082119591603,1.18645683019616,-0.984314937393368,-0.496527379577016,1.11719100397249,-0.975574244601064,-0.524406596821328,1.02,-0.981116029517128,-0.523041513972747,1.02,17.7963074158757,4.30035066604614,1.01594638824463,0.007409045010384,101.999042794826
-0.983381890741924,-0.454082119591603,1.18645683019616,-0.981696145260591,-0.505386226565907,1.06976189408544,-0.976810614092958,-0.524162722769244,1.02,-0.981150257496904,-0.5230378358503,1.02,17.7963074158757,4.40043926239014,0.978131771087646,0.007409045010384,101.999042794826
-0.982869645035296,-0.45438292305327,1.1855342072998,-0.98172161004264,-0.505383490132587,1.06976189411822,-0.976829164318609,-0.524176540088549,1.02,-0.977718646009408,-0.523646186437076,1.02,20.9200123034084,4.50037479400635,0.981747508049011,0.005485381196098,31.2370488753272
-0.979146710525271,-0.462683081602302,1.15815058267772,-0.979037427405646,-0.505913101148253,1.06942016153592,-0.977916961790561,-0.523977977868814,1.02,-0.977718646009408,-0.523646186437076,1.02,19.4645394659393,4.60034728050232,1.00600755214691,0.015829282677926,14.5547283746913
-0.975894137888134,-0.471428820063363,1.13212142705101,-0.978099358535117,-0.508049518445554,1.05977796191083,-0.97884729773028,-0.52392238769345,1.02,-0.977738933200952,-0.523661474740546,1.02,16.1431623721975,4.70030117034912,1.02876532077789,0.00723577837316,33.2137709374185
-0.975894137888134,-0.471428820063363,1.13212142705101,-0.977714260708073,-0.510219141478513,1.05108845952737,-0.97884729773028,-0.52392238769345,1.02,-0.978340619737107,-0.523568058456155,1.02,16.1431623721975,4.80037212371826,1.03187477588654,0.00723577837316,33.2137709374185
-0.956758533765169,-0.477465010019694,1.06415356566386,-0.978092463489303,-0.510296671894867,1.05108845952737,-0.978662656398209,-0.523887518042026,1.02,-0.978848973475324,-0.523672269422865,1.02,5.25540743440981,4.90030479431152,1.01715099811554,0.001071555794388,108.877549377877
-0.956758533765169,-0.477465010019694,1.06415356566386,-0.97733100125323,-0.511215847439264,1.04717603142175,-0.978662656398209,-0.523887518042026,1.02,-0.978848973475324,-0.523672269422865,1.02,5.25540743440981,5.00055003166199,0.865693926811218,0.001071555794388,108.877549377877
-0.956758533765169,-0.477465010019694,1.06415356566386,-0.97733100125323,-0.511215847439264,1.04717603142175,-0.978662656398209,-0.523887518042026,1.02,-0.97889162503614,-0.523663743394455,1.02,5.25540743440981,5.10058498382568,0.641562938690185,0.001071555794388,108.877549377877
-0.949696795001729,-0.472165503225147,1.04777717711219,-0.97733100125323,-0.511215847439264,1.04717603142175,-0.978419662431124,-0.523795869996786,1.02,-0.97865896410976,-0.523655981563128,1.02,13.3379686533186,5.20054435729981,0.499521434307098,0.00463582854158,80.8256121890884
-0.963454152688218,-0.472988597983874,1.04056407875174,-0.97733100125323,-0.511215847439264,1.04717603142175,-0.978482631388949,-0.523856498316054,1.02,-0.978655220923437,-0.523648070485284,1.02,17.6769131327673,5.30053234100342,1.11077880859375,0.004557895595492,43.3894447944862
-0.980787600475947,-0.475989977314772,1.04234002758724,-0.97733100125323,-0.511215847439264,1.04717603142175,-0.978589056167589,-0.523858352429306,1.02,-0.978619139296156,-0.523543721491762,1.02,20.2945618876205,5.40037202835083,1.07958590984344,0.013107141326049,26.1764875485325
-0.997807216898045,-0.479159439676496,1.04100345890508,-0.97733100125323,-0.511215847439264,1.04717603142175,-0.97877076292496,-0.523983910244104,1.02,-0.978619139296156,-0.523543721491762,1.02,20.2945618876205,5.50044059753418,1.13570272922516,0.009238313215956,26.1764875485325
-1.02365733387811,-0.476538068098554,1.02887994670623,-0.97733100125323,-0.511215847439264,1.04717603142175,-0.978594796605755,-0.523833882487974,1.02,-0.978638462917322,-0.523598659731107,1.02,19.4948200653002,5.60049700737,0.984275817871094,0.0136211639423,7.99741822320353
-1.03020132146967,-0.478763617930041,1.02481400404243,-0.97733100125323,-0.511215847439264,1.04717603142175,-0.978528351555753,-0.523913230483135,1.02,-0.978756829692886,-0.523751945675137,1.02,16.1585533382034,5.70050668716431,2.13778877258301,0.0032754214195,33.3626672709681
-1.03104567188068,-0.479323433946719,1.02479427817452,-0.97733100125323,-0.511215847439264,1.04717603142175,-0.978523247611054,-0.523918690299378,1.02,-0.978607020012118,-0.523599794368923,1.02,11.244763554569,5.80052375793457,1.13955545425415,0.006460334261262,49.1378978363431
-1.0199296807814,-0.475996194994013,1.03117223412478,-0.97733100125323,-0.511215847439264,1.04717603142175,-0.978594887598708,-0.523956136589296,1.02,-0.978538108838344,-0.523677810059364,1.02,5.23767419501875,5.90050840377808,0.721867561340332,0.008895663096602,60.0708935955029
-1.0089058199516,-0.473220949100263,1.03534721976547,-0.97733100125323,-0.511215847439264,1.04717603142175,-0.978617034793026,-0.523974682128084,1.02,-0.978670085792006,-0.523795733967968,1.02,1.29221168584105,6.00044226646423,1.00467205047607,0.005754512167138,39.454625091777
-0.996212980846726,-0.471075848804398,1.03869067984038,-0.97733100125323,-0.511215847439264,1.04717603142175,-0.97856504299407,-0.523735530947934,1.02,-0.978670085792006,-0.523795733967968,1.02,7.68788394833888,6.10057020187378,0.825784087181091,0.006975169580429,63.9567226249784
-0.993154511177231,-0.470883684376834,1.0392773351767,-0.97733100125323,-0.511215847439264,1.04717603142175,-0.978618184409259,-0.523760195139315,1.02,-0.978638033158069,-0.523721425064527,1.02,7.68788394833888,6.20066213607788,0.871902287006378,0.004806048543081,63.9567226249784
-0.973011628873577,-0.466807477651615,1.038954929196,-0.97733100125323,-0.511215847439264,1.04717603142175,-0.978718004959476,-0.52374496260401,1.02,-0.978573199250612,-0.523476691245575,1.02,17.6839439462863,6.30051898956299,0.980259895324707,0.007508994481321,99.9605999794738
-0.957418262998557,-0.463605459390046,1.03553163973776,-0.97733100125323,-0.511215847439264,1.04717603142175,-0.978529388253082,-0.523748594330056,1.02,-0.978617452320575,-0.523530223128417,1.02,20.2901704915024,6.40042448043823,0.9867884516716,0.009500997278978,26.0622654521611
-0.956664479816353,-0.463937375250706,1.03473893163504,-0.97733100125323,-0.511215847439264,1.04717603142175,-0.978620742013713,-0.523835226825522,1.02,-0.978566065999553,-0.523492092014473,1.02,20.2901704915024,6.50055027008057,0.979779481887817,0.015547279524777,26.0622654521611
-0.951943221577623,-0.463629979923514,1.03383939794206,-0.97733100125323,-0.511215847439264,1.04717603142175,-0.978587086246727,-0.523779018924309,1.02,-0.978629682513094,-0.523601804922906,1.02,19.4905031507675,6.60045146942139,0.991920232772827,0.011573300371571,7.99667340734885
-0.95018135420837,-0.462757621041808,1.03269047312113,-0.97733100125323,-0.511215847439264,1.04717603142175,-0.978559412074504,-0.523815784825113,1.02,-0.978629682513094,-0.523601804922906,1.02,16.1615104770409,6.70054244995117,1.07344913482666,0.006384400078886,33.289926737266
-0.955615228177403,-0.463607398747196,1.0343971598614,-0.97733100125323,-0.511215847439264,1.04717603142175,-0.978612529339453,-0.523745235759105,1.02,-0.978598550410325,-0.523545907152169,1.02,11.2463578336682,6.80044007301331,0.942356646060944,0.017218434281053,49.1515264337271
-0.963444968990986,-0.468411254267088,1.03894359293988,-0.97733100125323,-0.511215847439264,1.04717603142175,-0.978586886059347,-0.523897108627605,1.02,-0.978568019778789,-0.52358277788458,1.02,5.23506411073242,6.90043520927429,0.994873702526092,0.001288482300992,60.1129372293577
-0.975486510725636,-0.470357325624495,1.0409520370279,-0.97733100125323,-0.511215847439264,1.04717603142175,-0.978494220409448,-0.523667755006597,1.02,-0.97866133077628,-0.523756649888721,1.02,1.2928308477383,7.00046563148499,0.880222082138062,0.004880615559163,39.4223326299412
-0.987162007543162,-0.469756967318809,1.03942261760931,-0.97733100125323,-0.511215847439264,1.04717603142175,-0.978682158812103,-0.523836597317515,1.02,-0.97866133077628,-0.523756649888721,1.02,1.2928308477383,7.10041975975037,0.755710661411285,0.003227520533008,39.4223326299412
-0.99910476414702,-0.470025222654368,1.0368070013842,-0.97733100125323,-0.511215847439264,1.04717603142175,-0.978485274673485,-0.523823983460493,1.02,-0.978536713455124,-0.52348151253357,1.02,7.68902885731446,7.2004280090332,0.792295157909393,0.02210279270538,63.9619800957616
-1.00873630728239,-0.471767316230931,1.03413117721114,-0.97733100125323,-0.511215847439264,1.04717603142175,-0.978760982349308,-0.523946481896554,1.02,-0.978512931654618,-0.523442322559637,1.02,13.3276888358321,7.30044913291931,0.926766991615295,0.009986306994277,56.3865997851761
-1.01618751346087,-0.473645580037585,1.03163161523911,-0.97733100125323,-0.511215847439264,1.04717603142175,-0.978581970465095,-0.523841843672442,1.02,-0.978581245271162,-0.52362960117201,1.02,20.2895518208544,7.40046501159668,0.8881875872612,0.002339476676679,69.6186298502234
-1.02611272126409,-0.475048168524549,1.02579124310782,-0.97733100125323,-0.511215847439264,1.04717603142175,-0.978587798367998,-0.523859053647352,1.02,-0.978581245271162,-0.52362960117201,1.02,20.9137082007735,7.50044512748718,0.994353950023651,0.002523832437726,6.24156379919075
-1.03372543402394,-0.479080497998574,1.0224442062374,-0.97733100125323,-0.511215847439264,1.04717603142175,-0.978671696830279,-0.523955948383466,1.02,-0.978588904939201,-0.523608120470127,1.02,19.4916544976216,7.60044097900391,0.923730909824371,0.012394979940814,14.2205370315185
-1.03402114226733,-0.479955070553764,1.02340717543519,-0.97733100125323,-0.511215847439264,1.04717603142175,-0.978570339635327,-0.523797741665745,1.02,-0.978579422862143,-0.523607361026345,1.02,16.1668641727932,7.70044183731079,0.990372776985168,0.00084194232715,33.2479032482839
-1.03065218321578,-0.479366393080469,1.02595665777324,-0.97733100125323,-0.511215847439264,1.04717603142175,-0.97864265028156,-0.523966767739652,1.02,-0.978704442518697,-0.523708617370517,1.02,11.2540613666307,7.80041694641113,0.955489933490753,0.009728871822247,49.1280280616254
-1.02202601716599,-0.476466744288683,1.02994361770026,-0.97733100125323,-0.511215847439264,1.04717603142175,-0.978540380924867,-0.523801335470453,1.02,-0.978627641933444,-0.523703327984218,1.02,5.23980849258343,7.90044093132019,0.977977335453033,0.007791108218453,60.1425287404727
-1.0046715172541,-0.47055290251723,1.03578842805198,-0.97733100125323,-0.511215847439264,1.04717603142175,-0.97859464355217,-0.523791392420862,1.02,-0.978627641933444,-0.523703327984218,1.02,1.28655264447726,8.0004403591156,0.717451691627502,0.01207969715952,39.5325584810617
-0.995432687817804,-0.468791761382849,1.03769911254246,-0.97733100125323,-0.511215847439264,1.04717603142175,-0.978582934467648,-0.523807983596026,1.02,-0.9785884558787,-0.523583762617464,1.02,1.28655264447726,8.10042905807495,0.418085336685181,0.01192852936062,39.5325584810617
-0.984004862196964,-0.467936308640127,1.03941298422434,-0.97733100125323,-0.511215847439264,1.04717603142175,-0.978600250753763,-0.523749831305277,1.02,-0.978652160119521,-0.523629934669895,1.02,7.68626874115063,8.20044827461243,0.733674168586731,0.012643292346511,63.9971609667337
-0.972095126015694,-0.467745587662435,1.03935534378371,-0.97733100125323,-0.511215847439264,1.04717603142175,-0.978628039943834,-0.523823120549742,1.02,-0.978622969576512,-0.523495655018593,1.02,13.3237346824103,8.30065631866455,0.83611935377121,0.005918239512102,56.3746594125966
-0.954729724266822,-0.464074584178142,1.0354925263981,-0.97733100125323,-0.511215847439264,1.04717603142175,-0.978378185606132,-0.523642332359618,1.02,-0.978622969576512,-0.523495655018593,1.02,17.6769615450585,8.40043807029724,0.788586139678955,0.01024267664526,43.5322686264825
-0.954037502035578,-0.463513580104435,1.03456439471628,-0.97733100125323,-0.511215847439264,1.04717603142175,-0.978583372451563,-0.523765951360353,1.02,-0.978631291239975,-0.523559869930581,1.02,20.9129897584835,8.50042462348938,0.880289554595947,0.011707376945458,32.3602821342498
-0.951888400705729,-0.461535462630635,1.03219847140798,-0.97733100125323,-0.511215847439264,1.04717603142175,-0.978629172801158,-0.52383774185112,1.02,-0.978493348699957,-0.523506797574544,1.02,19.4944524977867,8.60055303573608,0.873803317546845,0.011326701309589,14.1853726069678
-0.951481101774034,-0.462196005287141,1.03237325106294,-0.97733100125323,-0.511215847439264,1.04717603142175,-0.978624016767576,-0.523817383319203,1.02,-0.978669067972644,-0.523547766169594,1.02,16.1565611498991,8.70042872428894,0.943282425403595,0.011713043496889,33.3789134788764
-0.953202140722372,-0.463688670079955,1.03392208183353,-0.97733100125323,-0.511215847439264,1.04717603142175,-0.978592493263002,-0.523848750707919,1.02,-0.978553486474638,-0.523564368267215,1.02,11.2522737491826,8.80053210258484,0.937883257865906,0.007169033050438,49.0428740071648
-0.960352159036863,-0.467210607016074,1.03820199744646,-0.97733100125323,-0.511215847439264,1.04717603142175,-0.978597734232532,-0.523701125342692,1.02,-0.978553486474638,-0.523564368267215,1.02,5.23388418367306,8.90034532546997,0.980601370334625,0.005661687128938,60.1838956550955
-0.972268128517076,-0.470450550664805,1.04102239164135,-0.97733100125323,-0.511215847439264,1.04717603142175,-0.978527503738647,-0.523788901672843,1.02,-0.978593997713116,-0.523634827529934,1.02,1.28308027552306,9.00048613548279,1.01221120357513,0.007844161500278,39.5080390815001
-0.987510973326639,-0.470289908363611,1.03992370437562,-0.97733100125323,-0.511215847439264,1.04717603142175,-0.978668013443198,-0.523723031189444,1.02,-0.978638235876726,-0.523501343574661,1.02,1.28308027552306,9.10039353370667,0.988543033599854,0.00512247148335,39.5080390815001
-0.999232792076075,-0.470545176654172,1.03711287705032,-0.97733100125323,-0.511215847439264,1.04717603142175,-0.97855645071898,-0.523745031191062,1.02,-0.978573497646518,-0.523465100640838,1.02,7.68415003155917,9.20050764083862,0.816946625709534,0.004901431264902,64.0106975603612
-1.00616927338008,-0.471615251377439,1.03574527319189,-0.97733100125323,-0.511215847439264,1.04717603142175,-0.978674016358579,-0.523939504133647,1.02,-0.978667421091527,-0.523595664836762,1.02,13.3308735390977,9.30055689811707,1.00327777862549,0.00396687603083,56.4672350753854
-1.00616927338008,-0.471615251377439,1.03574527319189,-0.97733100125323,-0.511215847439264,1.04717603142175,-0.978674016358579,-0.523939504133647,1.02,-0.978671351736871,-0.52370621466591,1.02,13.3308735390977,9.40051436424255,0.807551145553589,0.00396687603083,56.4672350753854
-1.00616927338008,-0.471615251377439,1.03574527319189,-0.97733100125323,-0.511215847439264,1.04717603142175,-0.978674016358579,-0.523939504133647,1.02,-0.978671351736871,-0.52370621466591,1.02,13.3308735390977,9.50053310394287,0.929091036319733,0.00396687603083,56.4672350753854
-1.00616927338008,-0.471615251377439,1.03574527319189,-0.97733100125323,-0.511215847439264,1.04717603142175,-0.978674016358579,-0.523939504133647,1.02,-0.978671351736871,-0.52370621466591,1.02,13.3308735390977,9.60061120986939,0.861625969409943,0.00396687603083,56.4672350753854
-1.00616927338008,-0.471615251377439,1.03574527319189,-0.97733100125323,-0.511215847439264,1.04717603142175,-0.978674016358579,-0.523939504133647,1.02,-0.978671351736871,-0.52370621466591,1.02,13.3308735390977,9.70047450065613,0.978102266788483,0.00396687603083,56.4672350753854
,,,,,,,,,,,,,,,,
,,,,,,,,,,,,,,,,
,,,,,,,,,,,,,,,,
,,,,,,,,,,,,,,,,
,,,,,,,,,,,,,,,,
,,,,,,,,,,,,,,,,
,,,,,,,,,,,,,,,0.075505732883379,52.2075092070229
