cf_px,cf_py,cf_pz,cf_gx,cf_gy,cf_gz,h_px,h_py,h_pz,h_gx,h_gy,hg_z,tiltx,global time,acc_z,h_vel,plat_omega
0.026548983783890496,0.03245722036457342,0.0635696784570434,0.0,0.0,0,1.7814110060507595,-0.015716051832727722,1.02,0.2235990867676981,-0.002080730022171607,1.02,15.607840919865474,0.10055255889892578,0,0.0031489986623379927,156.07840919865473
0.0266570898294327,0.032191794846263916,0.06347594503264736,0.0,0.0,0,1.7814344937242137,-0.015603434907829745,1.02,0.22356496932029135,-0.002045440059891944,1.02,15.606828451409008,0.20049285888671875,0,0.0023577757060842764,0.010124684564658537
0.026657896603404077,0.03257291731987677,0.06381821815170077,0.0,0.0,0,1.7814796351745612,-0.015649481893874027,1.02,0.22358095969284328,-0.002008708950511799,1.02,15.60086211370385,0.3004586696624756,0,0.0038164166473007503,0.05966337705158864
0.026585630690036565,0.032466921508354035,0.06385319240919295,0.0,0.0,0,1.7814377013518894,-0.015667206762183104,1.02,0.22359990862225787,-0.0020436372258934637,1.02,15.60086211370385,0.40040063858032227,0,0.010397182468514132,0.05966337705158864
0.02653927312133345,0.032360251705044835,0.06377507521959389,0.0,0.0,0,1.7814350250000088,-0.015634091275613847,1.02,0.22361015933799488,-0.0020358619751846144,1.02,23.28123716659314,0.5004189014434814,0,0.0030479813223380707,76.8037505288929
0.02655421707156217,0.03253321341342471,0.06393968197202539,0.0,0.0,0,1.7813725628544552,-0.015601637796012058,1.02,0.2236172535437595,-0.002131511690175385,1.02,40.11761044488765,0.6004378795623779,0,0.009143252958432982,168.3637327829451
0.026553011538301908,0.032481390631342415,0.06391782263140561,0.0,0.0,0,1.7813943290184187,-0.01567671017058598,1.02,0.22360515637464332,-0.001999057156795747,1.02,42.98119018449727,0.7004399299621582,0,0.004042238895098216,28.635797396096194
0.026562146011856868,0.032338629813174626,0.06380971584880106,0.0,0.0,0,1.7814104478524495,-0.015701403972272078,1.02,0.22358301957269572,-0.001969696513997062,1.02,41.63801432934179,0.8005633354187012,0,0.003631914607605155,13.431758551554793
0.02649986001600236,0.032618880740182425,0.06398368605830501,0.0,0.0,0,1.7814258031282664,-0.015636714545611795,1.02,0.22360303457398517,-0.0021372176748901605,1.02,36.203259226371415,0.9004979133605957,0,0.008217260611109008,54.34755102970378
0.026680533798018182,0.03254609254503719,0.06383032412469951,0.0,0.0,0,1.7814989694403534,-0.015689868906072015,1.02,0.2235773728290264,-0.002134189952050859,1.02,27.24782315713544,1.000556230545044,0,0.009305111710281266,89.55436069235975
0.02661240688130878,0.032375702662444696,0.06375776959403742,0.0,0.0,0,1.781451819468718,-0.015665327886950825,1.02,0.22358821152110753,-0.0020166602114429725,1.02,27.24782315713544,1.1007769107818604,0,0.004625810958551051,89.55436069235975
0.02660456000568909,0.032571702843217774,0.06396763960496359,0.0,0.0,0,1.7814363176500645,-0.015627668999289638,1.02,0.2236295223297481,-0.0020934110667370207,1.02,27.243839627416925,1.200528860092163,0,0.010435275910346669,0.03983529718514234
0.02669056888618355,0.032549970618321246,0.06378673364936133,0.0,0.0,0,1.7814197613111145,-0.015601981662742443,1.02,0.22358242170211812,-0.0020860071654963557,1.02,10.95075124809602,1.3004584312438965,0,0.004394526174379196,162.93088379320906
0.026550076618457017,0.03236898750725785,0.06380730883850057,0.0,0.0,0,1.7814648302271325,-0.015557010203939932,1.02,0.22358994251758862,-0.0019981330366849754,1.02,23.26842851667781,1.400597095489502,0,0.004169506322471173,123.17677268581791
0.02658604429719383,0.032576879595304274,0.0639046807182663,0.0,0.0,0,1.7814469696759507,-0.01559189561867218,1.02,0.2236148905479015,-0.002100596150357742,1.02,33.342022495789216,1.5004124641418457,0,0.012412639149545534,100.73593979111403
0.02666819485283423,0.03244279204081697,0.06373676106284668,0.0,0.0,0,1.7815334887562406,-0.01555449247855557,1.02,0.2235786409683687,-0.0020475731022539163,1.02,40.11628212797712,1.600447416305542,0,0.008767852836097384,67.74259632187906
0.026470382813291837,0.03240820375018325,0.06384350133420244,0.0,0.0,0,1.7814510970779796,-0.01563617891406502,1.02,0.22358824191229315,-0.0020069856694792444,1.02,42.98318702653157,1.7003984451293945,0,0.0018419802966847692,28.66904898554445
0.02654481265763993,0.03236339919119017,0.06378763009251232,0.0,0.0,0,1.7814337369982607,-0.0156100243347341,1.02,0.22363701254334284,-0.0019836739795468777,1.02,41.63878555041929,1.800520420074463,0,0.006873887654027867,13.444014761122745
0.026663029924892185,0.03245352313947523,0.0637661543776103,0.0,0.0,0,1.781480625970115,-0.01557961045650865,1.02,0.2236241253508949,-0.001972310966963042,1.02,36.212460072674716,1.900545597076416,0,0.007878316068630431,54.263254777445766
0.026532597704216725,0.03253370341819255,0.06391532346654333,0.0,0.0,0,1.7813861196487724,-0.01555529031999716,1.02,0.2235968744809388,-0.0020516626713654577,1.02,27.24512059143888,2.0006039142608643,0,0.0019335469514558687,89.67339481235835
0.026529011651224076,0.03239295931705657,0.06379675159699,0.0,0.0,0,1.7814133853238985,-0.015572775289271376,1.02,0.22361997603,-0.002009660831185188,1.02,15.602112881755914,2.1005892753601074,0,0.0010725692878473896,116.43007709682965
0.026598304708383806,0.032451074452518436,0.06379925203084184,0.0,0.0,0,1.781488710979261,-0.015624867615357975,1.02,0.22357755242907867,-0.0019931437698533726,1.02,2.4313940336005584,2.200587511062622,0,0.005004351074033083,131.70718848155354
0.026523895764297145,0.032539649586429124,0.06383250819190611,0.0,0.0,0,1.781443227089435,-0.015530399797119888,1.02,0.22358655510831507,-0.0020103691682459416,1.02,2.4313940336005584,2.3004415035247803,0,0.00486855523308241,131.70718848155354
0.02671001418031244,0.032419721770224584,0.06377568264591628,0.0,0.0,0,1.7815144468051147,-0.0156518635371366,1.02,0.22358140018670053,-0.0020038961528873224,1.02,10.95496903901656,2.4004087448120117,0,0.007912614077802674,85.23575005416002
0.026667921182065128,0.032522052221319375,0.06378995391274557,0.0,0.0,0,1.781492511878121,-0.01561416971789393,1.02,0.2235695208840175,-0.0019286646784605161,1.02,33.322768122936495,2.5003979206085205,0,0.0058158948013084895,223.67799083919934
0.02655094150281242,0.03244573381121116,0.06388855398647587,0.0,0.0,0,1.781479934881808,-0.015606628658860052,1.02,0.22360491159400012,-0.002098293136691593,1.02,40.11042847331621,2.600429058074951,0,0.003218567783261256,67.87660350379717
0.026524253288287825,0.03244497404563334,0.06382273221146227,0.0,0.0,0,1.7813702895952874,-0.015703226470082075,1.02,0.22362648201724744,-0.002034418282893634,1.02,42.978964251228774,2.7005016803741455,1.000230312347412,0.007418215004842113,28.685357779125624
0.026579517988452196,0.032398340582965576,0.06374321251852484,0.0,0.0,0,1.7814665843744546,-0.015705499984593273,1.02,0.22362776039525595,-0.002073778589911962,1.02,41.635746637413256,2.800487756729126,1.000230312347412,0.005599965024210823,13.432176138155185
0.02652304573291785,0.032401748447788446,0.06387487034863236,0.0,0.0,0,1.781450695681984,-0.015667462638537424,1.02,0.22357745928784117,-0.0021219863231133184,1.02,36.212028201363744,2.900458574295044,1.000230312347412,0.0028655144453603267,54.23718436049512
0.026535027268446094,0.03235929858722871,0.06386938783485772,0.0,0.0,0,1.7814544321097854,-0.015695585865718623,1.02,0.22363042700341373,-0.002095124674072396,1.02,27.248412475616206,3.0004773139953613,1.000230312347412,0.005424854741768922,89.63615725747538
0.026558228088464832,0.032495631856608496,0.06387010093253032,0.0,0.0,0,1.7814427928246708,-0.01563402338853069,1.02,0.22359384708123264,-0.0020512361581307872,1.02,27.248412475616206,3.1005733013153076,1.0017067193984985,0.005707289626223857,89.63615725747538
0.026628559259696708,0.032534986171712216,0.06394473072059476,0.0,0.0,0,1.7814447107870002,-0.015529737000188861,1.02,0.22360899667488615,-0.002109353535045585,1.02,15.614960048537803,3.2005202770233154,0.9991832971572876,0.0030254761822348054,116.33452427078403
0.02661022600785672,0.03256590216131931,0.06390116094304885,0.0,0.0,0,1.7814426512564505,-0.015699902985865644,1.02,0.22360226488074703,-0.0020345381941724028,1.02,10.945863114952818,3.3004190921783447,1.001238465309143,0.005274796952125346,46.69096933584985
0.026734489509806274,0.032088759430231234,0.06355361617065587,0.0,0.0,0,1.7814469984950443,-0.015571461104642598,1.02,0.22360225189844946,-0.0019343342484899658,1.02,23.272349560933367,3.40044903755188,0.997704803943634,0.008800123598642974,123.2648644598055
0.026470437835642478,0.03254065655313056,0.06398470504765724,0.0,0.0,0,1.781405712836567,-0.015563326567715169,1.02,0.22360672892360156,-0.002132942530679634,1.02,23.272349560933367,3.500561475753784,1.0002106428146362,0.008033921780027469,123.2648644598055
0.026628781022754563,0.03260998771062649,0.06395551637377138,0.0,0.0,0,1.7814358152810499,-0.015516477663738803,1.02,0.22361680685669705,-0.0019887947401487703,1.02,23.272349560933367,3.6005637645721436,0.9988540410995483,0.004780172389527989,123.2648644598055
0.026679184518217703,0.032331037718769266,0.06367445389649558,0.0,0.0,0,1.7814968439765189,-0.015553399325664432,1.02,0.2235854419522269,-0.0019398306053387956,1.02,23.272349560933367,3.700608491897583,0.9995169639587402,0.005073922380502136,123.2648644598055
0.026541247064058644,0.032559583267428735,0.06397660590232306,0.0,0.0,0,1.7814475671662686,-0.01553673342039475,1.02,0.22359190908374577,-0.0019365249514626936,1.02,23.272349560933367,3.800478458404541,1.0001640319824219,0.004734091154681444,123.2648644598055
0.026598417852642896,0.032382722350943,0.06379923107028343,0.0,0.0,0,1.781518021942158,-0.015538516302176841,1.02,0.22359871281618332,-0.001982964083428174,1.02,33.33028441654998,3.9005420207977295,0.9992503523826599,0.0025987424475555124,100.57934855616611
0.026661576982354794,0.032202380438514956,0.06364597823599914,0.0,0.0,0,1.7814709452959825,-0.015596144826356332,1.02,0.22360368360739807,-0.001967632816779342,1.02,27.239137447395827,4.000450611114502,0.9974133372306824,0.007039614283905345,60.91146969154153
0.026565517846912034,0.03248741670120099,0.06388329640446166,0.0,0.0,0,1.78144684596865,-0.015557286755618419,1.02,0.22362439356110045,-0.0019749060662321047,1.02,15.623034281579873,4.100498199462891,1.0024415254592896,0.004188258775108507,116.16103165815953
0.02653797188629766,0.03246527666218897,0.0639104981978026,0.0,0.0,0,1.7814703210480138,-0.015586571726118584,1.02,0.22361511513963112,-0.0020386561688009656,1.02,2.4491716775886525,4.200567722320557,0.9998797178268433,0.005210834568512519,131.7386260399122
0.026527754781639188,0.03239924578446723,0.0638944875211177,0.0,0.0,0,1.7814569575832113,-0.01552502515902652,1.02,0.22361918910137452,-0.0019804736534141435,1.02,10.957851954830746,4.300501346588135,1.0003780126571655,0.004217549075482148,85.08680277242092
0.02657196671770911,0.032431917270214626,0.06372877468985005,0.0,0.0,0,1.7814000580956404,-0.015630040435209134,1.02,0.22361833264494052,-0.002043521427208511,1.02,23.275676928825536,4.400424957275391,1.0012766122817993,0.002935645295242585,123.1782497399479
0.026593706618700096,0.03250416737175816,0.06382704097644758,0.0,0.0,0,1.7814355489613525,-0.015584284928796906,1.02,0.22359821474923763,-0.001994820337342059,1.02,23.275676928825536,4.5003392696380615,1.001164436340332,0.0014591690590647043,123.1782497399479
0.02652572336682835,0.03235730374877913,0.06382429741510266,0.0,0.0,0,1.781455085782809,-0.015644140953289823,1.02,0.22359267059693938,-0.0020330757094592328,1.02,33.32756535246406,4.600327491760254,0.9999256730079651,0.0034611789441163707,100.51888423638526
0.02652303537745414,0.03235780763958172,0.06378528005787373,0.0,0.0,0,1.7813845068813294,-0.01572158504653147,1.02,0.22359942002282657,-0.0020579124785808215,1.02,40.11130884323118,4.700317621231079,0.9971267580986023,0.006712534751575666,67.83743490767115
0.02658203575959125,0.032631526996643394,0.06396493775994211,0.0,0.0,0,1.7814666276800954,-0.015562379047026854,1.02,0.22361130462520168,-0.0020423868526123494,1.02,41.64220860346531,4.800425291061401,0.999639093875885,0.0014529894590523352,15.30899760234135
0.026539167943446882,0.032228571240545026,0.06370230648038114,0.0,0.0,0,1.7813729868799084,-0.015699351742384283,1.02,0.22357544457543144,-0.0021476237252833295,1.02,36.215073173530634,4.900492191314697,0.9987831115722656,0.007390951419603226,54.2713542993468
0.0266682646404273,0.03239482166414307,0.06373458340720997,0.0,0.0,0,1.7815058538684854,-0.015659384170857785,1.02,0.2236126499398777,-0.0019655255601282906,1.02,27.2487566560514,5.000550031661987,0.9999036192893982,0.002603390483842573,89.66316517479235
0.026594721118696027,0.03253223838017139,0.0640016705535306,0.0,0.0,0,1.7814266841518638,-0.015665464410673742,1.02,0.2235647614475521,-0.0021346782703344142,1.02,15.60208918271326,5.100405693054199,1.0011584758758545,0.0022111294179219727,116.46667473338137
0.026660719758571056,0.03241710376077687,0.06378563099101378,0.0,0.0,0,1.7814487916083375,-0.01565193789070453,1.02,0.22363245172497048,-0.002063965702659591,1.02,2.464964801475369,5.200445652008057,1.0018467903137207,0.004796206366833332,131.3712438123789
0.026551413159317028,0.03234824295002418,0.06385465042842754,0.0,0.0,0,1.7814172753475879,-0.015624097197391705,1.02,0.2235844960534542,-0.0020598037745913457,1.02,10.942003385162442,5.3005290031433105,0.9987283945083618,0.004200885575052341,84.77038583687072
0.026528712461607394,0.03242122290015509,0.06393479962035742,0.0,0.0,0,1.7814305714626777,-0.015613339246924483,1.02,0.22359826179240846,-0.002084455116655514,1.02,23.282172088234038,5.400511026382446,0.998900294303894,0.005680665803925711,123.40168703071595
0.026630493130173422,0.03250968516214586,0.06396872938815511,0.0,0.0,0,1.7815772230794422,-0.015584458321478934,1.02,0.2235836190961415,-0.0020142617950375777,1.02,33.33607022038151,5.500513076782227,0.9993413686752319,0.014705996222239788,100.5389813214747
0.02654106424486343,0.03252631592524363,0.06398674296816968,0.0,0.0,0,1.7814719713938632,-0.015616437493600999,1.02,0.22360445561361653,-0.0020216079208017212,1.02,33.33607022038151,5.6004602909088135,0.9993832111358643,0.004776419961236742,100.5389813214747
0.027099346640008976,0.03227595422587194,0.06408489832471222,0.0,0.0,0,1.7815403473155875,-0.01557744340147476,1.02,0.22359515034109334,-0.0020312876020322102,1.02,40.121512170297834,5.700426340103149,0.998524010181427,0.0034945030043118798,67.85441949916326
0.027498683244757655,0.03196457642207117,0.06453907173544575,0.0,0.0,0,1.7813680802880594,-0.015541411109996213,1.02,0.22360126455330814,-0.0020208385231330786,1.02,42.98261371883813,5.8005475997924805,0.9986461997032166,0.00615847037560693,28.611015485402973
0.028388031039638655,0.030932220263552943,0.06642437725345789,0.0,0.0,0,1.7814435120932717,-0.015585149514925204,1.02,0.22363986112256853,-0.0020064747878459693,1.02,41.63767963048742,5.900498628616333,0.9998655915260315,0.005480553142905326,13.44934088350712
0.03074430676188626,0.028781570120677353,0.06680411371429405,0.0,0.0,0,1.7814278789888884,-0.015573867495115265,1.02,0.22363986112256853,-0.0020064747878459693,1.02,36.209800750653635,6.000545501708984,0.9994809627532959,0.0033376550129210797,54.27878879833784
0.03397372646362209,0.026217675973222943,0.0658210970494745,0.0,0.0,0,1.7814180788350658,-0.015568652075656794,1.02,0.22363986112256853,-0.0020064747878459693,1.02,27.250539763792514,6.100411891937256,0.999286413192749,0.0035589727035323605,89.5926098686112
0.03705964037172099,0.023405012315795094,0.06649773818891153,0.0,0.0,0,1.781526102426522,-0.015541968881526995,1.02,0.22363986112256853,-0.0020064747878459693,1.02,15.603791803267205,6.2004594802856445,0.9976346492767334,0.005158758551518068,116.46747960525308
0.04036885598782243,0.018521894516209877,0.06862668635192402,0.0,0.0,0,1.7814395167651937,-0.015598285261214824,1.02,0.22363986112256853,-0.0020064747878459693,1.02,10.950567992164274,6.300542831420898,1.0010302066802979,0.0014769883684831863,46.53223811102931
0.04043592655010457,0.014149323883916395,0.07042573194347479,0.0,0.0,0,1.7814779953768047,-0.015530001076826934,1.02,0.22360841824499333,-0.0019954697399648972,1.02,10.950567992164274,6.400477409362793,1.0215649604797363,0.005157947038301856,46.53223811102931
0.033891379789289994,0.0009704568093429962,0.07139939134389495,0.0,0.0,0,1.7814580359435195,-0.015624213843691446,1.02,0.2235969096177916,-0.0020078491634732964,1.02,23.290997193543618,6.5005316734313965,0.9535490870475769,0.002708428846600266,123.40429201379344
0.025372847187608818,-0.013689807798972317,0.07705425778512862,0.0,0.0,0,1.7814506287722194,-0.015706490098904527,1.02,0.22361946719218723,-0.0019514180238873824,1.02,40.119323909387155,6.600524425506592,1.0264514684677124,0.006662812755897018,168.28326715843536
0.010164350602786735,-0.03655649498633042,0.09202075460661889,0.0,0.0,0,1.7813813042821613,-0.015657440676007415,1.02,0.22359124063330724,-0.0020538438152797483,1.02,42.98220241205391,6.7005455493927,0.9655511975288391,0.004177618946425595,28.62878502666753
-0.0035777828918827706,-0.05664178405624536,0.11003826025290986,0.0,0.0,0,1.781479358039226,-0.015690387679659086,1.02,0.22360491805450294,-0.0021376422111816875,1.02,41.63356874122026,6.8005406856536865,1.0062952041625977,0.0047469098625418996,13.486336708336495
-0.01630438386845996,-0.07540324896404735,0.1410854396619233,0.0,0.0,0,1.781523948931462,-0.015688609648719803,1.02,0.22359929853597105,-0.0021042240926564437,1.02,36.206711503577345,6.900480508804321,0.9661574959754944,0.007217258632419742,54.268572376429134
-0.025419369943371118,-0.08834615381232089,0.17993736411098143,0.0,0.0,0,1.7814662659765594,-0.01566178000660472,1.02,0.22362644173864085,-0.002089283904071295,1.02,27.253377609711016,7.000506639480591,1.0164426565170288,0.002549856471186143,89.53333893866329
-0.028694030099520724,-0.09338674996642003,0.2217750965111513,0.0,0.0,0,1.7814319460276276,-0.015728668188014487,1.02,0.2236068544860088,-0.002147868776473197,1.02,27.253377609711016,7.100435733795166,0.9369524717330933,0.002174005569295476,89.53333893866329
-0.02983016414157999,-0.09649663837850124,0.28444342287617297,0.0,0.0,0,1.78141811588624,-0.015571505003990613,1.02,0.22362639326017483,-0.002015028747463287,1.02,27.253377609711016,7.2005321979522705,0.9622020721435547,0.007155734552622643,89.53333893866329
-0.028748598412465902,-0.09559642138907845,0.36045902726646867,0.0,0.0,0,1.7814005057352422,-0.015651871025575734,1.02,0.22359739729648642,-0.0021350840681008303,1.02,27.253377609711016,7.300442695617676,0.9781229496002197,0.005607032669614723,89.53333893866329
-0.02491883376767463,-0.09330251461527109,0.43411975372770756,0.0,0.0,0,1.7813974954306906,-0.01554550538162107,1.02,0.22359902080591967,-0.0020044232441682784,1.02,15.607796256638839,7.400453805923462,0.9494277834892273,0.0016817769423040166,116.45581353072177
-0.019620594300451117,-0.09162212715972182,0.5275337927992285,0.0,0.0,0,1.7814505168778387,-0.015531179357505146,1.02,0.2235890545240951,-0.0020526597832836164,1.02,15.607796256638839,7.5004563331604,0.9528225064277649,0.00565983344820964,116.45581353072177
-0.015209198629010483,-0.09099104677424873,0.6098396086682544,0.0,0.0,0,1.7815058875276417,-0.015595702221787727,1.02,0.22358589495931325,-0.001994787601976189,1.02,33.32954395739639,7.600545644760132,0.9905032515525818,0.001879036146728369,177.2174770075755
-0.011742587627963442,-0.09196185243976814,0.7199016654139464,0.0,0.0,0,1.7815394561492044,-0.015567466700338851,1.02,0.22360506948546632,-0.00196809771882911,1.02,40.117075095787484,7.700530529022217,1.100508451461792,0.003835389859814078,67.87531138391095
-0.007928528315114921,-0.09396031704193475,0.8144763058798601,0.0,0.0,0,1.7814477501160833,-0.015591456762033967,1.02,0.2235810802095234,-0.002036232385845725,1.02,41.63104111936056,7.800535678863525,1.0993040800094604,0.009734753630570407,15.139660235730759
-0.004607499025102117,-0.09708399768221952,0.909184341216016,0.0,0.0,0,1.7814642873387996,-0.015599564471034666,1.02,0.22364912312338397,-0.0020019994786738484,1.02,36.21343839300557,7.900532960891724,1.0708694458007812,0.003797556275357941,54.176027263549926
-0.002746742076388248,-0.09858196829849325,0.9904805337725018,0.0,0.0,0,1.7814386447112813,-0.01553495264475984,1.02,0.2236059946977637,-0.0021013442984828693,1.02,27.240378762848167,8.000535249710083,1.1003695726394653,0.008382563215578604,89.73059630157401
0.0006608343077581295,-0.09890565485193453,1.079676891930308,0.0,0.0,0,1.7814442929322478,-0.015505547519545101,1.02,0.22363229243120272,-0.0019654836677734334,1.02,15.6069063741048,8.100440263748169,1.1006048917770386,0.004562300705298138,116.33472388743365
0.0035713744592394256,-0.09742362818782749,1.156556228945516,0.0,0.0,0,1.781500922832515,-0.01567249016395297,1.02,0.22363964145368975,-0.002029323219562637,1.02,2.4580339930228354,8.200522184371948,1.0786911249160767,0.0055595630632911675,131.48872381081964
0.005671603785591572,-0.09462770421534207,1.214282135898816,0.0,0.0,0,1.7814096452212447,-0.015541510100946208,1.02,0.22361772673309233,-0.0019981682746545958,1.02,10.962719271215427,8.300565004348755,1.1092979907989502,0.00351851354685925,85.0468527819259
0.008528785919054557,-0.09166872084636861,1.2712558981842204,0.0,0.0,0,1.781448210330628,-0.01563584848944651,1.02,0.22361626115499147,-0.002045592461191928,1.02,23.289492745065413,8.400523900985718,1.1146451234817505,0.005216839115263584,123.26773473849985
0.012448504968715135,-0.08650358911753984,1.3356761830014452,0.0,0.0,0,1.781383139987979,-0.015620419916247236,1.02,0.22358450799493892,-0.001972651072215223,1.02,33.337334643482606,8.500448942184448,1.1392773389816284,0.010196514788986602,100.47841898417192
0.014505642727664515,-0.0829400448238639,1.374890204943966,0.0,0.0,0,1.7814792371666086,-0.015607734939397967,1.02,0.22360439833015555,-0.0020646503194126217,1.02,40.11566748204694,8.60055160522461,1.1292941570281982,0.0007141439801937802,67.78332838564332
0.015581338888837185,-0.0793922108445398,1.4063009984851673,0.0,0.0,0,1.7813614121877255,-0.015694189836309776,1.02,0.2235440357851352,-0.0020692327217659732,1.02,42.98071571983191,8.700586080551147,1.1067339181900024,0.002696975268594711,28.650482377849755
0.0166054667174797,-0.07752304897628695,1.4263681824250294,0.0,0.0,0,1.7815313615090846,-0.015662832174345307,1.02,0.22362415550893572,-0.002033421439844753,1.02,42.98071571983191,8.800506353378296,1.0859650373458862,0.006036832883684841,28.650482377849755
0.017731161322239702,-0.07553518841002763,1.4420151132869259,0.0,0.0,0,1.781435821514078,-0.01574815277081466,1.02,0.223574589364107,-0.0021149442550190338,1.02,42.98071571983191,8.900449991226196,1.034374475479126,0.0036931917319825347,28.650482377849755
0.01767297839331057,-0.0747517248264835,1.4486889776377516,0.0,0.0,0,1.7814513550931017,-0.01565163255073067,1.02,0.2236365118839212,-0.0020660937528105983,1.02,41.62928239590369,9.000435590744019,1.0161319971084595,0.0032017096167432967,13.514333239282266
0.017765214745547788,-0.07457779183159248,1.4505105045811895,0.0,0.0,0,1.7814692671344354,-0.0156627474983224,1.02,0.22360055892626723,-0.0021342950738738138,1.02,27.24651268649881,9.100471019744873,1.0065348148345947,0.00882608438907724,143.82769709404874
0.01773852648174309,-0.072832966438993,1.4459996234820403,0.0,0.0,0,1.781442829718687,-0.015662639821732906,1.02,0.223625139088729,-0.0020813842263551372,1.02,2.45938597084889,9.200540781021118,1.0034250020980835,0.0013544704280098211,247.87126715649921
0.018045969230573385,-0.07107134674328479,1.4402566505807597,0.0,0.0,0,1.7814641462109333,-0.015595715010217087,1.02,0.22361509406542995,-0.0020795447634569322,1.02,2.45781127505441,9.300525426864624,0.9006568193435669,0.007121125733378867,0.015746957944799966
0.01930745940646261,-0.06888899479341004,1.4344346084334996,0.0,0.0,0,1.7814726321881753,-0.01565519581929374,1.02,0.22358144557779935,-0.0020801960808168765,1.02,23.288983007352623,9.40052318572998,0.8473765850067139,0.0056629602089117645,208.3117173229821
0.02136572605958605,-0.06716975114363655,1.428938978063079,0.0,0.0,0,1.781406488183622,-0.015562639434295363,1.02,0.22361190040253387,-0.0020259804891200146,1.02,33.33539178462545,9.500516653060913,0.8791765570640564,0.00463191871351506,100.46408777272826
0.022509791509734485,-0.06577609063671472,1.4264161101617996,0.0,0.0,0,1.781461992226882,-0.015586552101116155,1.02,0.2236164370218911,-0.0020785320741903805,1.02,33.33539178462545,9.60055160522461,0.900550365447998,0.0016297261427824193,100.46408777272826
0.0238692509003524,-0.06305519527307911,1.4182157260330561,0.0,0.0,0,1.7814927384954629,-0.015565908898137592,1.02,0.22361062884206706,-0.002022059596283412,1.02,40.12264288778909,9.700453519821167,0.9078676104545593,0.00822400019943412,67.8725110316364
0.023468461969010895,-0.06251639567243845,1.412673875848717,0.0,0.0,0,1.7813893696301129,-0.015555707506335283,1.02,0.2236118775623127,-0.002007173849370108,1.02,42.98218201154658,9.800347328186035,0.9561973810195923,0.008048692349725089,28.59539123757486
0.022663559415473104,-0.0618978190956594,1.410533582270504,0.0,0.0,0,1.78147505483697,-0.01563312950927561,1.02,0.22361712110290427,-0.0020032136225313474,1.02,36.22565630674822,9.900330543518066,0.8970890641212463,0.008118371763494739,67.56525704798356
0.021021001677406198,-0.06113321408720866,1.4085342779691388,0.005443289093901121,1.1126161897387794,1.34390502404896,1.781396314015772,-0.015537481829078967,1.02,0.22357557887734564,-0.0019815257120648364,1.02,27.26018499309333,10.000409364700317,0.9067918658256531,0.0065593721455842035,89.6547131365489
0.01892134817469009,-0.059098752939315165,1.3989134680819661,0.17067752853032286,-0.016676816118712138,1.3410947776534772,1.7814761859934967,-0.015558792253137155,1.02,0.22361856721957502,-0.0020698535418455133,1.02,15.620271961307303,10.100317239761353,0.9036954045295715,0.006393715297751703,116.39913031786025
0.017847578512491375,-0.05541372397458075,1.386936767221542,0.1701240141174927,-0.015750926749197345,1.3388140483732627,1.7814876352340818,-0.015574899859597462,1.02,0.22359008780506406,-0.0018859441002376663,1.02,2.4691168378703843,10.200445175170898,0.9372506141662598,0.00153438727429626,131.51155123436916
0.025302207923981045,-0.050592201329063176,1.365544135306008,0.19290811631022536,-0.022347573539790083,1.3341066741098588,1.7814488864974347,-0.015635398367660952,1.02,0.2538741326484354,-0.012087824826620519,1.02,10.948355464608715,10.300365447998047,0.9606034755706787,0.0033598870681090637,84.7923862673833
0.04314735228750938,-0.05040418694800894,1.3444522272759096,0.19776068097751107,-0.021837811253276253,1.3278136735869797,1.7814816719393711,-0.01551018987533882,1.02,0.2538722433121258,-0.012110302420888373,1.02,23.26359277084671,10.400367498397827,0.9709832668304443,0.004111559960322336,123.15237306237994
0.06612719142427309,-0.05324749895804021,1.3264866554039147,0.19195950602099682,-0.02706723766014751,1.3537022895441435,1.7814543315405427,-0.015638773483989555,1.02,0.2540578531753144,-0.01225346603698527,1.02,33.32346602056253,10.500424146652222,0.973168134689331,0.00556703086328591,100.59873249715817
0.10450041473940769,-0.05986577928588935,1.3059639195287687,0.21280487036538878,-0.023882038461789018,1.3115884334739492,1.7813996214265844,-0.015542608791402526,1.02,0.25411139793685417,-0.012227864659945492,1.02,40.11397373973645,10.600430727005005,1.1000289916992188,0.004295897409667313,67.90507719173924
0.12688586142640182,-0.06587484608877367,1.2970508862367591,0.2242010702527111,-0.0265638992572598,1.2942185858133617,1.7814266685645752,-0.01573960460138471,1.02,0.2540539442680625,-0.012379084802733137,1.02,40.11397373973645,10.700374126434326,0.9173058867454529,0.002889108102496745,67.90507719173924
0.17142801774523048,-0.07634715935423812,1.286918589877422,0.2330503144476998,-0.02868305897659697,1.2870757675574616,1.7625745866683808,-0.013774175305236286,1.02,0.2542563994003497,-0.012280408154745454,1.02,42.980130482681204,10.800365209579468,0.9984922409057617,0.4140938511029235,28.66156742944753
0.19860260494803542,-0.08356107474622478,1.283755570594705,0.24134527033765815,-0.030896630663148836,1.2835435175530379,1.7184342291657546,-0.012754486851514686,1.02,0.2542843138831422,-0.012419237926382484,1.02,42.30656616268772,10.900383234024048,1.0360064506530762,0.4309987801044266,6.735643199934813
0.2305945562738816,-0.09162793522004231,1.2827455684595706,0.23588180522586275,-0.03017251544201423,1.2827688833096087,1.6855279523753484,-0.012815797398180081,1.02,0.2402205893486018,-0.009725106922782544,1.02,39.87946934312825,11.000407934188843,0.9933615922927856,0.2781583383674237,24.270968195594733
0.24863955240848393,-0.09640136218117407,1.2801987875165721,0.22625327683513644,-0.030821601683711893,1.2808365073550827,1.652080132908339,-0.011922761090139318,1.02,0.22077911274550233,-0.009043774811026233,1.02,35.73145054720166,11.100372314453125,0.8968099355697632,0.3499214315037031,41.48018795926589
0.25913864186820357,-0.09871397760984557,1.2758361190395555,0.21876379379933494,-0.033009625468624626,1.278200362968188,1.6186159048380528,-0.012351584300241678,1.02,0.20563263005250612,-0.0104548045473419,1.02,19.914418673069267,11.200411558151245,0.9167473912239075,0.3586983106215808,158.1703187413239
0.26086934724908556,-0.0994226540920325,1.2718282988051146,0.20799823127157166,-0.03251547160596946,1.2729252660896482,1.5841498373807457,-0.01219126933584689,1.02,0.18995532993472872,-0.009700568783910834,1.02,12.49688038005624,11.300362825393677,0.9699554443359375,0.3026055707179441,74.17538293013027
0.2562434178820812,-0.09950233431276374,1.2663309098833209,0.19500036147086708,-0.03342174981588432,1.2682169585533443,1.551966232768575,-0.012128831918176073,1.02,0.17332322712220996,-0.010748833472541778,1.02,4.941116764252918,11.400369644165039,1.043540596961975,0.34637677934057964,75.55763615803322
0.24669654876994976,-0.09848825447335585,1.2632486594323942,0.18094079082055453,-0.033645627129855304,1.2638079963630047,1.5219921045533862,-0.013082747427350466,1.02,0.15761934794679955,-0.011354832747192385,1.02,3.7621022368517028,11.500330686569214,0.9694061279296875,0.31107810884788073,11.79014527401215
0.22973051031825628,-0.09718090505435711,1.2612197269284808,0.1291372964189568,-0.022329329502774137,1.3056435176811243,1.4861280528562326,-0.013669106169099143,1.02,0.13751965079186151,-0.01235290148758482,1.02,11.271019745079885,11.600368022918701,1.079076886177063,0.30240810564213666,75.08917508228181
0.21129790134700582,-0.09727852912993083,1.261734622481838,0.14459547953546897,-0.034740479330943944,1.2613965568594951,1.4512005960917322,-0.014461102431597308,1.02,0.11964847203470196,-0.013452618935797427,1.02,18.522464487196366,11.700488567352295,1.034737467765808,0.3560081129441008,72.5144474211648
0.1922240636164513,-0.09772428238582105,1.2633756643923393,0.13124368018065735,-0.03555661299333943,1.2625069494878711,1.4196476755825373,-0.014327261071749973,1.02,0.1080096089804544,-0.014313064669870425,1.02,18.522464487196366,11.800363779067993,1.0134156942367554,0.3012861829192986,72.5144474211648
0.17298244894787745,-0.09873173327078857,1.2641131275154638,0.12589484240273313,-0.03583257162728144,1.2637260199475433,1.385618671482621,-0.014986693528481108,1.02,0.1080096089804544,-0.014313064669870425,1.02,25.323324158040332,11.900387525558472,1.0134156942367554,0.3153543706113032,68.00859670843965
0.15509792612227533,-0.10000812186524662,1.2668075735605604,0.12089315637120503,-0.03615448458182634,1.2672310111676812,1.3554257609846954,-0.015199677649640897,1.02,0.08298944664152053,-0.015322792004416408,1.02,36.8387181266174,12.000452280044556,1.051401972770691,0.3632510081710736,115.15393968577068
0.13854334114190422,-0.09977646976167293,1.2717319604995883,0.06696671755348446,-0.037806753936690675,1.2712869296033613,1.3232342679755766,-0.015636124375162628,1.02,0.04175017003141632,-0.01641130018579985,1.02,38.91910068343111,12.100379705429077,1.0268166065216064,0.3061822969912015,20.8038255681371
0.12152130459763048,-0.0974461653486928,1.275903949704345,0.058765860366616234,-0.03726733786487129,1.2757500490432356,1.2870255220001487,-0.016115245939414772,1.02,0.03533415248877944,-0.016340236188780395,1.02,39.23517143722202,12.20044732093811,1.003129482269287,0.30656817606325765,3.1607075379091043
0.10569843895618877,-0.09433799435509814,1.2778993540034485,0.040154942650431,-0.03709605553887957,1.2782278248523984,1.2582853540401226,-0.016013042102425847,1.02,0.017599453143309837,-0.017397382000971056,1.02,38.001524985010896,12.300546646118164,1.003143548965454,0.29216821357463363,12.336464522111257
0.08318202121902281,-0.09054888127556918,1.2791680212007759,0.024938950306513562,-0.03569895311748061,1.2781466728155941,1.2193939189376202,-0.016717660182609922,1.02,0.002231789389645078,-0.01637979853352757,1.02,35.47273294898847,12.400370121002197,1.0238415002822876,0.35505914106152525,25.287920360224234
0.06401608124898134,-0.08799905200333447,1.2806158710191877,0.005691012472060805,-0.03572602125877702,1.2801876017309013,1.1895728584474698,-0.016607703933637794,1.02,-0.014761633484321773,-0.01763392344104438,1.02,31.434732101674705,12.500324249267578,1.0614893436431885,0.346938534571094,40.38000847313768
0.041495260248852125,-0.08664983676208823,1.2836056919474332,-0.014518253493188162,-0.035148746280745456,1.2835794236471942,1.1536661431089197,-0.017615215553428945,1.02,-0.03492930228441342,-0.01728459164321332,1.02,26.321961092474744,12.600363492965698,0.9967013001441956,0.35373378596399585,51.1277100919996
0.02017331953356738,-0.08786048404271898,1.2840274145633717,-0.018592920836369323,-0.03516198835748499,1.2838434087059267,1.122900312166831,-0.01722073457825804,1.02,-0.05314310565267899,-0.01811063227923879,1.02,26.321961092474744,12.700435876846313,0.9364845156669617,0.3322331190132648,51.1277100919996
-0.001826686668111421,-0.0893763168376882,1.286945343026089,-0.05860120405771009,-0.03623077269414825,1.2868967447983135,1.088397366438518,-0.018218618511335036,1.02,-0.07949363055439615,-0.018053083407137124,1.02,20.05022333868736,12.80043888092041,1.0195635557174683,0.3553994676219909,62.717377537873844
-0.024698738732451708,-0.09106045861042017,1.2906467830223298,-0.015666800844468157,-0.03753354312378325,1.2641752138538107,1.0541273072096096,-0.017964654026079628,1.02,-0.08418018919803646,-0.018447634110898364,1.02,13.573896051332651,12.900378942489624,1.0290870666503906,0.3509607859065385,64.76327287354708
-0.04623017542694199,-0.0919727831174903,1.294772627224926,-0.08607366179489773,-0.037282720243553884,1.293586675637496,1.0224162984717928,-0.01871849696807321,1.02,-0.10257329689033763,-0.018592467894950327,1.02,5.545719201281218,13.00033712387085,1.0486106872558594,0.3245045239387941,80.28176850051433
-0.06865597039521207,-0.0931183662602344,1.2967233806825003,-0.10498248791602972,-0.03781781445942905,1.2965764544375922,0.9887634156032042,-0.018090779275626995,1.02,-0.12016079479738516,-0.019078085529648486,1.02,13.119978018443351,13.100324869155884,1.0091649293899536,0.34688745289361445,75.74258817162132
-0.08966824227901433,-0.09481756842466774,1.295300522019034,-0.07419154288981161,-0.03835110264868189,1.2959541551933103,0.9601924612931079,-0.018601034530130393,1.02,-0.13815714209305127,-0.01924286398130941,1.02,19.318081232295363,13.200355529785156,1.0043911933898926,0.3103217981700712,61.98103213852011
-0.11767734625947315,-0.09737565267982531,1.2903993457074925,-0.14453122432744855,-0.038879646840045676,1.2926901946276292,0.920909609690425,-0.018845526646983045,1.02,-0.1562672220651628,-0.018828300794854216,1.02,24.4337408568675,13.300363540649414,1.0559791326522827,0.3619407202411553,51.15659624572139
-0.13923307496916065,-0.09922896119330521,1.2875183261983258,-0.15965038296054757,-0.03984318020032331,1.288443535198513,0.89136440238337,-0.019669217870904684,1.02,-0.1697905410355888,-0.019556793189022197,1.02,28.917540614738282,13.400364875793457,0.9813689589500427,0.34196471495931174,44.83799757870781
-0.16154766318634795,-0.09956609328690555,1.2863013776932326,-0.1830452690255155,-0.04018266107090213,1.2872978989832102,0.8580216437400602,-0.019482231125281645,1.02,-0.19113368384874624,-0.019624268584692933,1.02,32.25760529904367,13.500323295593262,1.0062581300735474,0.2826756232304167,33.400646843053856
-0.1832031914122951,-0.09864087457329891,1.2888643629720515,-0.20333112535859618,-0.04044706117400739,1.2874441913531813,0.8238804137892966,-0.019961001326309194,1.02,-0.2111453533041418,-0.020151734966497265,1.02,34.392409961094785,13.600326299667358,1.0372120141983032,0.3052521514002797,21.34804662051117
-0.20149574860257222,-0.09692418335288672,1.2928823397692977,-0.21967624247862572,-0.039618882622017904,1.292802209311296,0.7918768767260188,-0.019697293830342195,1.02,-0.22657747819877605,-0.019883013887604238,1.02,34.392409961094785,13.700466394424438,0.9780609607696533,0.30134977603074137,21.34804662051117
-0.2179846190279945,-0.09637890127656677,1.2915540228706155,-0.23805371919114474,-0.03981301013627164,1.2916896272927323,0.7624369749851347,-0.020580263198353974,1.02,-0.24633928580140274,-0.02024010563202709,1.02,35.12447499994292,13.800323724746704,0.9864440560340881,0.26733462277294767,7.32065038848134
-0.23907500096688797,-0.09644305744256317,1.2885706158419237,-0.2579302240764418,-0.03996665352466933,1.2892617281803715,0.7270231343621889,-0.020384582185886773,1.02,-0.2668988764560863,-0.020684168963449396,1.02,34.22025687407638,13.90036416053772,0.9080824851989746,0.3150682989508318,9.042181258665423
-0.25914755956724383,-0.09574331906470648,1.285430318473167,-0.27686765036902394,-0.03983894220090496,1.2863960887090253,0.694930566361166,-0.020601045179643934,1.02,-0.2835522841117987,-0.020724115271808934,1.02,32.06445451526744,14.000368356704712,0.9626436829566956,0.3277724795213579,21.55802358808934
-0.2784358550835273,-0.0956137066609094,1.2823187367112978,-0.2933554741753299,-0.03977741677439887,1.2831711962627153,0.6605827837421445,-0.0208952043051741,1.02,-0.30049625402990465,-0.02063082533548845,1.02,28.530374488545814,14.100590229034424,1.0276012420654297,0.3243457130958804,35.34080026721629
-0.29824402478307227,-0.09268249919000306,1.283428926184848,-0.31395262038431254,-0.03980904427978945,1.2829498070060896,0.6271165023745009,-0.021344940243713417,1.02,-0.32168898502765064,-0.02129840944260065,1.02,23.652137979779813,14.200361728668213,1.0276012420654297,0.34201604848643635,48.78236508766001
-0.31504825756172256,-0.09002456584630004,1.2846602798896465,-0.3310414260796447,-0.03907014548090023,1.2844314494788227,0.5940566384591481,-0.021399035958572194,1.02,-0.33826342950333643,-0.021191956422640358,1.02,8.743096875071037,14.300396203994751,1.0904000997543335,0.34376667448739184,149.09041104708774
-0.32927069000499926,-0.0877022649631126,1.288210733899995,-0.3496018263452459,-0.03890981534422783,1.2875519420677581,0.5607325818409497,-0.02221375678033057,1.02,-0.35812462035496523,-0.021782045849042503,1.02,1.488892364561067,14.400368690490723,1.0531302690505981,0.3647131392861433,72.54204510509969
-0.3429899555179184,-0.08601126602235416,1.2915421898099024,-0.36675309129678924,-0.0382779422654607,1.2901451804444461,0.5307613024508703,-0.022344215876601764,1.02,-0.376379929889596,-0.02178921755142625,1.02,4.39394323512883,14.500366687774658,0.9109267592430115,0.34103124420751196,29.050508705677633
-0.35799484870766657,-0.08517114670966013,1.2968925678544605,-0.3859759027726102,-0.0385925237953972,1.2943730709584704,0.4996025740088857,-0.022281424242519183,1.02,-0.3977633829029509,-0.022386885424376588,1.02,11.24073505991243,14.600356817245483,0.9875714778900146,0.362810772649472,68.46791824783598
-0.37116592313050667,-0.08610652298118134,1.3005373456412195,-0.39984069614476697,-0.03880746578484941,1.2992513130830272,0.46498804072773553,-0.022887629890696443,1.02,-0.41146900780825335,-0.022570723969341153,1.02,18.003905463341212,14.700437068939209,0.9922066926956177,0.3279544119391655,67.63170403428782
-0.38829676748582215,-0.08849932254587284,1.3055099661622862,-0.4183805911006048,-0.0390726131870047,1.3031886084034474,0.43121731015488823,-0.022555704151525892,1.02,-0.4314464652957723,-0.022493798097731475,1.02,18.003905463341212,14.800350904464722,1.02692711353302,0.30190895464950235,67.63170403428782
-0.40503920014128925,-0.09131809752537813,1.310348796838464,-0.436079339351683,-0.040571138311311365,1.309470190648714,0.40016707732771595,-0.023460628108728527,1.02,-0.4482284863494534,-0.023276223650012286,1.02,23.872897238375156,14.90035629272461,1.027263879776001,0.2938606940100638,58.68991775033944
-0.4220546727132102,-0.0944493759341142,1.3128821316491512,-0.45592736987841603,-0.0409757787313072,1.3127071886733592,0.36992482856025793,-0.022906435044464487,1.02,-0.4685730181088359,-0.02283846408713424,1.02,30.002238228363048,15.000442028045654,1.0203731060028076,0.35658932143555927,61.29340989987892
-0.4440302631423876,-0.09929403880706106,1.3156032647979536,-0.4789802693999306,-0.04262539502402564,1.3151746453350641,0.3326793601245705,-0.024086383650480613,1.02,-0.4930150858182231,-0.023584895940644116,1.02,31.18909734732531,15.100347995758057,1.0390264987945557,0.3439116172477484,11.868591189622606
-0.4649518664106876,-0.10279170358504879,1.3169158896767978,-0.4986338407877128,-0.043432015386584595,1.3165360786034153,0.298402750299248,-0.02361727303381888,1.02,-0.5127094081585113,-0.023361856379148314,1.02,31.27248525031047,15.200399160385132,1.0186554193496704,0.32130466622805165,0.833879029851623
-0.48139769306669394,-0.10613400338014617,1.3172774639176335,-0.5173266452155417,-0.04533646459361848,1.3173916115842708,0.2700662899961397,-0.024264832626190124,1.02,-0.5309332876123019,-0.02452961271071319,1.02,30.10279043537705,15.300339221954346,0.938015878200531,0.32014128289095534,11.696948149334219
-0.5034458024370312,-0.11079769795820547,1.317364299370326,-0.5367059195829063,-0.04562767828101624,1.317605521253971,0.23326748394454896,-0.02413115077556051,1.02,-0.5505393967763451,-0.0238374852853233,1.02,27.912753593442982,15.400357723236084,1.0040229558944702,0.340494300981018,21.900368419340666
-0.5193621860712435,-0.11327166619543416,1.317745208947504,-0.5556746859998614,-0.04777716150402896,1.3173115837807086,0.20077873647835554,-0.024850676170656245,1.02,-0.5694455426875149,-0.025141568200111333,1.02,27.912753593442982,15.50043773651123,0.9895471334457397,0.3669976842911001,21.900368419340666
-0.5193621860712435,-0.11327166619543416,1.317745208947504,-0.5777379263116328,-0.0480661823470876,1.3200516861525458,0.16646026540118425,-0.026056150615605973,1.02,-0.5906179729304648,-0.02431005419647419,1.02,24.53519156346234,15.600318908691406,0.9880024790763855,0.32363302895599283,33.77562029980641
-0.5627439986621899,-0.12042968350769694,1.32179220366668,-0.5990558475642755,-0.05007014559395587,1.3204198284186281,0.1361370674030163,-0.02573244993604665,1.02,-0.6125993133793208,-0.02605220127299229,1.02,12.37114415156665,15.700380563735962,0.954522967338562,0.32140106268187946,121.6404741189569
-0.5810644723592591,-0.12208397096046145,1.3234102779565537,-0.6141317909620343,-0.05057417881324305,1.3208242429161603,0.1034367249412654,-0.026049192082369766,1.02,-0.6275695875864704,-0.02616537322010076,1.02,7.043427422016886,15.800497055053711,1.009337067604065,0.30566998700316883,53.27716729549764
-0.5960238988503472,-0.12395980997360063,1.323798556547129,-0.6372803857501944,-0.05164298003521604,1.3209785702027141,0.07789111543228722,-0.026040171963920222,1.02,-0.6522901820847906,-0.026696889679579908,1.02,1.1193700204157493,15.900494813919067,0.9855207204818726,0.3252634873425716,59.240574016011365
-0.6171593167288211,-0.12466685670026198,1.3290258908349826,-0.6544893507344048,-0.05172957145460538,1.321919915321685,0.04087635864370168,-0.02723240010731354,1.02,-0.6689695853527994,-0.026581935408221968,1.02,4.749138177685096,16.000375509262085,1.0759133100509644,0.30486274610733227,36.29768157269347
-0.6347186862323941,-0.12517474211541796,1.3342087598465473,-0.6770057573249963,-0.05272950482240344,1.3231793095224775,0.004745030414716245,-0.02764982227761066,1.02,-0.6937358772603105,-0.027827678551067794,1.02,10.72112252783396,16.100443840026855,0.9601984024047852,0.31568769182583106,59.71984350148864
-0.6523250212047956,-0.12461275739104005,1.3392114154473003,-0.6966945338346228,-0.052605312098157025,1.324374216906003,-0.028002165866772885,-0.028540083509911437,1.02,-0.7131156822818042,-0.027777595148396648,1.02,15.24518708744569,16.200317859649658,0.9980624318122864,0.2887429039804303,45.24064559611728
-0.6665045417284657,-0.12496991283423678,1.3410293337820631,-0.7155943921188678,-0.05302060379338564,1.32552200952188,-0.06102969731607921,-0.028109915645337383,1.02,-0.7327861057032888,-0.028213164016838103,1.02,19.909745151696214,16.300329446792603,1.0295571088790894,0.3326703140456248,46.645580642505244
-0.6753837716828863,-0.12529280994794464,1.3411084939884896,-0.7199884877190603,-0.053289836491684464,1.3252032867941281,-0.09229890370845875,-0.029701596101740092,1.02,-0.7327861057032888,-0.028213164016838103,1.02,23.486533797372083,16.400413274765015,1.000512957572937,0.3228702906815394,35.76788645675869
-0.7035417806417945,-0.12740058741604574,1.3371943015913512,-0.7250740706097282,-0.05353937202942568,1.3245477955305838,-0.11809593929409509,-0.02932322833400786,1.02,-0.7327861057032888,-0.028213164016838103,1.02,25.973103673912185,16.50065517425537,0.9934704899787903,0.33706984944455415,24.86569876540102
-0.7259102567035405,-0.12896218662854075,1.3315935450892926,-0.7297877613038407,-0.05404162105555917,1.323318652271385,-0.156411876455197,-0.030185463333341347,1.02,-0.7327861057032888,-0.028213164016838103,1.02,27.188839587470774,16.60037112236023,0.9047471284866333,0.3426976706037954,12.157359135585892
-0.7442839574207935,-0.13010104285319488,1.3250154491994424,-0.734703390769907,-0.0540111158239493,1.3218015711872684,-0.19119837832427386,-0.030204007518480857,1.02,-0.7327861057032888,-0.028213164016838103,1.02,27.30214045530626,16.700488805770874,0.9146331548690796,0.31931761745753195,1.1330086783548765
-0.7580039118869853,-0.1293601980027765,1.324427398804101,-0.7386964317365485,-0.05418210306481311,1.3211809766401041,-0.21898170049138377,-0.030014565558984664,1.02,-0.8369839803460025,-0.030870334470263484,1.02,26.166245245417358,16.800443649291992,1.0117900371551514,0.3288321480169839,11.358952098889041
-0.7673930618343081,-0.12744509323409917,1.3263181263246635,-0.8359675080156405,-0.055432976736580535,1.3214217983171697,-0.2504705536328478,-0.03069190207364855,1.02,-0.8600491356724659,-0.030412253704463772,1.02,26.166245245417358,16.900373220443726,0.965062141418457,0.39676905238865706,11.358952098889041
-0.778468871021058,-0.12380013824892823,1.3337678660364671,-0.8545127906767763,-0.05556550970391391,1.323101608052517,-0.2892910881503218,-0.03165330767985179,1.02,-0.8818017230814097,-0.03153051571746085,1.02,24.156929028666358,17.000317335128784,0.958297610282898,0.37138223985747865,20.093162167509995
-0.7914443266625769,-0.12055169143205183,1.337409402898314,-0.8708926526771568,-0.0547297741036782,1.32432574898267,-0.31914801914502966,-0.031911706929406945,1.02,-0.8997688154058965,-0.031751070070072586,1.02,15.521085125260448,17.100362539291382,1.0649609565734863,0.36239962906832635,86.35843903405909
-0.7914443266625769,-0.12055169143205183,1.337409402898314,-0.8902362815652831,-0.05478590127436281,1.3244320553224445,-0.3548792190404223,-0.032220375636886726,1.02,-0.9201678203129793,-0.03247358894514994,1.02,15.521085125260448,17.20032835006714,1.0371952056884766,0.36140508735153826,86.35843903405909
-0.7914443266625769,-0.12055169143205183,1.337409402898314,-0.9170665615014658,-0.05457527261823733,1.3237130381491198,-0.383629700228476,-0.03261524591345315,1.02,-0.9486681966821204,-0.03304387587750682,1.02,16.96189873396341,17.30033230781555,0.9665402173995972,0.3179299880390101,14.408136087029604
-0.7914443266625769,-0.12055169143205183,1.337409402898314,-0.9232904381123846,-0.054044513680409245,1.3230388013009489,-0.4204455494241618,-0.03295739444465652,1.02,-0.9683615856342528,-0.03372285022427949,1.02,7.465842184666738,17.40053367614746,0.9649864435195923,0.35810451660538173,94.96056549296671
-0.8850501092208453,-0.11205224448531756,1.3311633277748185,-0.9669288721757673,-0.053826342990722156,1.3227648426912793,-0.4485660583547447,-0.03447846761681325,1.02,-0.9976638598701386,-0.03343186759743783,1.02,2.117955646815614,17.50038170814514,0.9561023116111755,0.33672597200409343,53.478865378511244
-0.914923359665803,-0.11037747891364322,1.3304404334568336,-0.9871592511673584,-0.053668680728524425,1.3227776061428842,-0.4818856666393509,-0.03380426406496129,1.02,-1.0124307151938978,-0.0341448624590015,1.02,3.3695799060196285,17.600446701049805,1.0701299905776978,0.3177781789582285,12.516242592040143
-0.945660259078443,-0.1091989036826935,1.327140412594071,-1.0108020925937768,-0.05395792136235146,1.3221475777795535,-0.51788481580669,-0.03521539612173099,1.02,-1.0369881975572328,-0.03489202600367885,1.02,15.168015839293426,17.70039176940918,0.9557256102561951,0.3328355349307253,117.98435933273797
-0.9725014051648556,-0.10914673266722018,1.322610665166032,-1.0049666349182085,-0.05343449498787501,1.32252967599077,-0.5487349024188787,-0.034726225565962776,1.02,-1.054676099567906,-0.034693257530038976,1.02,18.526771951730424,17.80036759376526,1.002354621887207,0.36808275501948434,33.58756112436998
-0.9775701730036931,-0.1098077758429013,1.3218261328668828,-1.068752780308603,-0.05472083323334572,1.3186357099987505,-0.583191713746572,-0.035530394415733184,1.02,-1.0937449001078692,-0.03531679980972331,1.02,20.901361601643682,17.900424003601074,0.955371618270874,0.32388259714176143,23.745896499132577
-1.0220342978009584,-0.11245242136680852,1.3142131421094598,-1.078871384607993,-0.055360981403940114,1.3146538413594444,-0.6121503349769197,-0.03579268843906877,1.02,-1.1005770495823783,-0.03586877880288799,1.02,23.091172834795763,18.000396728515625,1.012224555015564,0.298970973298313,21.898112331520814
-1.0492674095461596,-0.11447126453582383,1.3129202161294415,-1.1021479969098795,-0.056346605249260474,1.3138752571605772,-0.6492010423613117,-0.036412182897662744,1.02,-1.1209796113170916,-0.03645705200582869,1.02,23.653459055198063,18.100363731384277,0.9766513705253601,0.3337632931184789,5.622862204022994
-1.0740978968002872,-0.1168601880824492,1.310589029434297,-1.1228721969657676,-0.056572086614054044,1.311463751042386,-0.6808053025754657,-0.036145558348994966,1.02,-1.1431120331502616,-0.03614015540035399,1.02,23.335223503422355,18.20035219192505,0.9722987413406372,0.3294508110977309,3.182355517757074
-1.0958059452666171,-0.11809863561694582,1.3106676468267286,-1.1288814673870986,-0.057052770962819015,1.3109572046944573,-0.7142206333258647,-0.03641621780591557,1.02,-1.1746634783953265,-0.03747120336947648,1.02,22.212709692137707,18.300323724746704,0.9709551930427551,0.32990158043374107,11.22513811284648
-1.1184956372777544,-0.11934148565968844,1.3125241305490511,-1.1799008315248074,-0.05806119947491293,1.3114010908837028,-0.7456182777236415,-0.03683335021882411,1.02,-1.203404246282602,-0.03706248065287588,1.02,20.190722716201435,18.400440216064453,1.0032613277435303,0.3254496819928976,20.219869759362723
-1.1414160336672374,-0.12022951099981706,1.3147340952845035,-1.198398304017134,-0.058975704356649256,1.314558881723893,-0.7820701610684042,-0.03713166211287781,1.02,-1.2199072806407376,-0.03795455533473402,1.02,20.190722716201435,18.500335216522217,0.9995590448379517,0.3694666996750832,20.219869759362723
-1.1628029317399375,-0.12069375973382342,1.3175032518881349,-1.2168716734132938,-0.058713118277519766,1.3175423899220458,-0.8117935886819507,-0.03759860313041619,1.02,-1.2356969681698862,-0.037449549270387385,1.02,17.597226159495797,18.60038447380066,1.0414012670516968,0.34363881178874284,25.93496556705638
-1.1877910537875864,-0.12155554987291038,1.322821545908257,-1.2439357759453367,-0.059419749467329024,1.3201268247043512,-0.846589289359806,-0.0371551223139346,1.02,-1.2665776578782135,-0.038073437151345896,1.02,7.892260650583174,18.70033550262451,0.9464744925498962,0.3653459522898302,97.04965508912622
-1.2116892715526077,-0.121716389851506,1.32721823624991,-1.2499993119446438,-0.059466422925551383,1.3213247777118322,-0.8765271009789242,-0.03774120068682068,1.02,-1.2665776578782135,-0.038073437151345896,1.02,4.267787782481089,18.800471544265747,0.9661427736282349,0.2726602047069194,36.24472868102085
-1.2331842889164397,-0.1221091861964524,1.3316563278955755,-1.267116630840802,-0.05947123585398303,1.3226139320809234,-0.9095623753179667,-0.037415689465514934,1.02,-1.3359049864315924,-0.03806407806105339,1.02,0.19185730990692418,18.90037488937378,0.9852083325386047,0.3492374888854032,40.75930472574165
-1.2550373081783823,-0.12307930717306964,1.3348650150568122,-1.3130770887379932,-0.05976700542448859,1.3235002996468466,-0.9407360136024174,-0.03812232230032095,1.02,-1.3435091458661264,-0.037877807822713765,1.02,4.796691390310412,19.000365495681763,0.9907094240188599,0.3517562395838969,46.04834080403487
-1.2763095049924793,-0.12323938856670591,1.3376292026396313,-1.3464856887586827,-0.060222432799228176,1.324529622180173,-0.9752187499143956,-0.03745980355449849,1.02,-1.3736893040899734,-0.03864871776774755,1.02,4.796691390310412,19.100449800491333,0.9468281865119934,0.3049789254761225,46.04834080403487
-1.298866975308198,-0.12325748309935154,1.338022435677182,-1.3533863106486395,-0.060187172096368854,1.3248198046382815,-1.0094259147838955,-0.0381550685504173,1.02,-1.3736893040899734,-0.03864871776774755,1.02,7.963304884024606,19.20043706893921,0.9581601619720459,0.335230076775965,31.666134937141948
-1.318277976233875,-0.12327607412075457,1.3364872936769936,-1.3592881184381247,-0.06031474964949462,1.324359321892389,-1.035425509695477,-0.038435676773800366,1.02,-1.3736893040899734,-0.03864871776774755,1.02,11.445792255847548,19.300493955612183,0.9865524768829346,0.3496780492882751,34.82487371822942
-1.346703741942151,-0.12315830040610791,1.3325270656545567,-1.3654699819750094,-0.06029904876522798,1.3234977025459318,-1.0740678912835504,-0.03959517305290075,1.02,-1.3736893040899734,-0.03864871776774755,1.02,15.103593900373996,19.400532722473145,1.0209954977035522,0.29188258546442847,36.578016445264474
-1.3715239365797645,-0.12306846620479898,1.328092085789685,-1.3717499992742175,-0.06028990215606196,1.3224372626737244,-1.084652130785051,-0.03917293083907579,1.02,-1.3736893040899734,-0.03864871776774755,1.02,17.135464893752452,19.5003981590271,0.9594336748123169,0.0500026139511884,20.318709933784564
-1.3940229029410793,-0.12263793905413903,1.321627488941917,-1.3773067725894277,-0.06019233578166068,1.3209483554738655,-1.0784579462599173,-0.03953051596367301,1.02,-1.3736893040899734,-0.03864871776774755,1.02,20.10406855093345,19.600491285324097,0.9986157417297363,0.06967251746102363,29.686036571809993
-1.4118364680577724,-0.12249510098861555,1.3128726798027062,-1.382373356412619,-0.060189981888919546,1.3151701601217183,-1.0752826409669078,-0.0390398586929272,1.02,-1.3736893040899734,-0.03864871776774755,1.02,18.665518799558786,19.700333833694458,1.01142418384552,0.012139914520522606,14.385497513746657
-1.4263116304675585,-0.12318793235538615,1.3031664075964993,-1.3853670804144302,-0.0601679193901845,1.3082575823723939,-1.0778919564923757,-0.039393087315192296,1.02,-1.3736893040899734,-0.03864871776774755,1.02,15.381498984198519,19.800323009490967,1.0310373306274414,0.020050959999938466,32.84019815360267
-1.4361099397355777,-0.12513114054148083,1.2922631948593435,-1.3889351389893163,-0.060509697368324684,1.2971181408937418,-1.0795376485613206,-0.039507940659287366,1.02,-1.3736893040899734,-0.03864871776774755,1.02,10.739247299291023,19.900324821472168,1.0045559406280518,0.022493612484189428,46.42251684907496
-1.4417971586943774,-0.1260282648946399,1.2856882725059513,-1.3908033895951053,-0.060973559214504265,1.2875983682249776,-1.079293479453135,-0.03943143242188584,1.02,-1.3736893040899734,-0.03864871776774755,1.02,4.958517232407506,20.000329732894897,0.9026995301246643,0.007394573603353866,57.80730066883516
-1.4423883240030873,-0.12626305124573395,1.2814436726544536,-1.391086039833046,-0.0611606803372282,1.2828534873985897,-1.078643589411043,-0.039411764822001184,1.02,-1.3736893040899734,-0.03864871776774755,1.02,1.3731518296821,20.100371837615967,1.0451514720916748,0.005413566612908163,35.85365402725406
-1.439529503343311,-0.12534838744367474,1.2779108318108756,-1.3908776154214775,-0.06105135212777473,1.2782228877510224,-1.0781306703278801,-0.03943350285282505,1.02,-1.3736893040899734,-0.03864871776774755,1.02,1.3731518296821,20.20032811164856,1.0394349098205566,0.008058424576979412,35.85365402725406
-1.4355717444388434,-0.12407908710921542,1.2786392044986936,-1.389680412594177,-0.060633433471648394,1.2780128866340115,-1.078208386001936,-0.039528852205589125,1.02,-1.3826952832737311,-0.03831252508074724,1.02,7.5587779304322025,20.300397396087646,0.9412345290184021,0.009359907495316556,61.856261007501026
-1.4299854259903777,-0.12169267572181817,1.2810656580835882,-1.4655468062299337,-0.061277846193859696,1.2796060568375505,-1.079483864646306,-0.03938637149051489,1.02,-1.4772407883491463,-0.04020212884580126,1.02,17.108496626570613,20.40037512779236,1.0447462797164917,0.05311717013071041,95.49718696138409
-1.4272177313320429,-0.11933251620820065,1.284927315180225,-1.464482312691555,-0.06063403555337182,1.2840462502497347,-1.105710828115352,-0.03721181127944705,1.02,-1.4772407883491463,-0.04020212884580126,1.02,19.489429852338137,20.50046443939209,0.9849152565002441,0.466412409757896,23.809332257675244
-1.4306335414023326,-0.11806801001954847,1.2856572085699167,-1.4646591178719552,-0.06026147576146261,1.2858283091619256,-1.1432137986734021,-0.038246955872882925,1.02,-1.477378977231792,-0.04023353582767242,1.02,19.702029314859374,20.60043692588806,0.8948730826377869,0.39748853451192073,2.125994625212364
-1.4425515994563665,-0.11635513994516244,1.2842992740974766,-1.4671331246798183,-0.05994831525083643,1.2855284913073475,-1.1803415735467075,-0.03836983261979598,1.02,-1.477378977231792,-0.04023353582767242,1.02,19.351144330642676,20.70037317276001,0.9997115731239319,0.36407744208735693,3.508849842166981
-1.4578967185767844,-0.11395386473063834,1.2853503319285846,-1.5061991428336987,-0.058083743285661786,1.2845138411657833,-1.210329460296836,-0.03906043167044583,1.02,-1.524812334757438,-0.0385360946278851,1.02,18.190411777727228,20.800368785858154,1.0719523429870605,0.23944100231663612,11.60732552915448
-1.4746491654724694,-0.11104165267377943,1.290448130085903,-1.509620916799026,-0.057463454416017266,1.2875975647965787,-1.2407711168343456,-0.03880771920990569,1.02,-1.5639503622825703,-0.03916250476714975,1.02,16.082387768472085,20.900505304336548,1.0809789896011353,0.29551701860482466,21.080240092551428
-1.4922963851552264,-0.10702278118788673,1.2962175856709481,-1.5631927411105062,-0.05672255127864392,1.2936110384316992,-1.2741860165620356,-0.03897802679539004,1.02,-1.5886399146712662,-0.03918872841039373,1.02,13.69345631173298,21.00050973892212,1.007336974143982,0.31933548967339764,23.889314567391047
-1.5121966730640028,-0.10417368954710966,1.3049244661382562,-1.5895192875563493,-0.05593774840238125,1.301872507598267,-1.3074315550577995,-0.039422349195238925,1.02,-1.6280186102046525,-0.03919350390970016,1.02,10.754455404160755,21.100327491760254,0.9954172968864441,0.39516044510740767,29.390009075722254
-1.5328426332745797,-0.1025748367802678,1.3132865956442996,-1.600976788526363,-0.05557673308472717,1.3094416154726185,-1.3391454325635288,-0.03950835342427565,1.02,-1.6507997786706354,-0.03961858786829128,1.02,7.640178915651902,21.20038366317749,1.0469924211502075,0.3346652776386494,31.14276488508852
-1.5536229987355794,-0.10212877322168279,1.3183400014564617,-1.6430087889811287,-0.055471313185093025,1.3185664960840466,-1.367355744772667,-0.039905248985082374,1.02,-1.6733672381096067,-0.039411420469572134,1.02,7.640178915651902,21.300472736358643,0.9327648282051086,0.3350468037194223,31.14276488508852
-1.5863914214802615,-0.10337386210726615,1.3234995563109586,-1.6638359262381193,-0.05621592063210013,1.3205006140341466,-1.4069773595105628,-0.040116663485985415,1.02,-1.6939166334086562,-0.0401557215730047,1.02,4.034220518895284,21.400333881378174,1.0287668704986572,0.3257121652240109,36.05958396756618
-1.6146003820339476,-0.10557478803532067,1.327637950895742,-1.688250326291842,-0.056615602551872146,1.3214397608945385,-1.4364436775735538,-0.04098764473985343,1.02,-1.7151675389209835,-0.039897679763882705,1.02,0.7161669042992195,21.50043535232544,0.9961029887199402,0.29317679039553435,33.18053614596065
-1.645028972682038,-0.1083932213025099,1.332056579312281,-1.7197235164990117,-0.05797538345285618,1.3228133823700758,-1.469640143012028,-0.04066359249540922,1.02,-1.7464717637344085,-0.040703383600678295,1.02,3.085582326408091,21.60040521621704,0.9937710762023926,0.307438818506396,23.694154221088713
-1.6655288515187803,-0.11156772556525475,1.3336027199642098,-1.7257484139421546,-0.05884638476876262,1.3235593886751646,-1.4998584024986528,-0.04123253845283537,1.02,-1.7685514573820504,-0.04065635660696255,1.02,10.8544392007261,21.70037341117859,0.9494361281394958,0.3138779676570387,77.68856874318008
-1.706592514678392,-0.1168478688625285,1.3351932143755418,-1.7647528389756353,-0.059917626125096046,1.323953989071908,-1.5375520583789728,-0.04165453757337809,1.02,-1.7884561296562935,-0.040858048470759814,1.02,12.996614614452294,21.80032253265381,0.9812272787094116,0.2829801533846063,21.421754137261946
-1.7355801219644795,-0.12033991657998715,1.3354065810110753,-1.7970100195432082,-0.06107091405433602,1.324013618949782,-1.5709552532637996,-0.04265797973601925,1.02,-1.8212427942503198,-0.04099500894458266,1.02,14.56939076072267,21.900641441345215,0.9039813280105591,0.33495387779220437,15.727761462703747
-1.7624483307996495,-0.12365679739166818,1.334344074823355,-1.8247706379677922,-0.06264216071854742,1.3237441171306947,-1.6032112816830086,-0.04229846718187463,1.02,-1.8477194976107805,-0.04187348689092529,1.02,15.601832255602744,22.000396251678467,0.9083954095840454,0.3230043968618289,10.32441494880075
-1.7896080339450529,-0.12660485839280655,1.333703806879397,-1.8448486919783404,-0.06356208250287877,1.3236865804832696,-1.6360716872924828,-0.04381367005423242,1.02,-1.867950320078792,-0.04234271110045369,1.02,15.884867125391457,22.100407361984253,1.0275384187698364,0.34958239235404737,2.8303486978871284
-1.8109059711563444,-0.1282606674817769,1.3322657860616016,-1.8715092577719723,-0.06437728585311915,1.3232078947695098,-1.6619572588367384,-0.043314754738510354,1.02,-1.8935940785958347,-0.04249496617975327,1.02,15.40449324284068,22.200422525405884,0.942385196685791,0.32270666844987667,4.803738825507775
-1.8430997369507074,-0.1300706878346347,1.3297546707017718,-1.8974255058074911,-0.06576755610898033,1.3228507972705006,-1.7020591466197816,-0.04379423087789124,1.02,-1.9190791796173614,-0.04365680962199041,1.02,14.379737459787494,22.3004367351532,0.9977557063102722,0.36475434126254586,10.247557830531857
-1.8643072572738824,-0.1308310406525671,1.3278248111717097,-1.9216237666204505,-0.06530830397267026,1.3222075438550656,-1.727930813246875,-0.04393804618610211,1.02,-1.9431963256390272,-0.042811244785464844,1.02,12.830532373103795,22.40045738220215,0.9923872351646423,0.32756859105296976,15.49205086683699
-1.865506353649228,-0.1310510077812195,1.327883428321762,-1.9502020651084513,-0.06679576846607177,1.32170336018171,-1.7668350223825249,-0.04476887644831675,1.02,-1.971768148292103,-0.04464231734207005,1.02,10.821170566067567,22.50045680999756,1.004626750946045,0.3391205729010542,20.093618070362282
-1.9182497394351765,-0.13103338279027973,1.322769845683821,-1.9789932438243882,-0.06656743080932394,1.3206864115368193,-1.7961577365461636,-0.045678358569547765,1.02,-2.000342924389192,-0.04435899546050913,1.02,8.231824222679027,22.600592136383057,0.9964620471000671,0.32968404270154444,25.893463433885398
-1.9466648103001942,-0.1309354186361799,1.319968498816146,-2.0009236159527553,-0.06781690524680428,1.3201440046247865,-1.8330502129212471,-0.0455895148210924,1.02,-2.022505747828149,-0.046111371005412564,1.02,5.6092651639696065,22.700488090515137,1.0345203876495361,0.3731091573349691,26.225590587094203
-1.97081424290366,-0.13037685838958016,1.3199997223252224,-2.0300701918394473,-0.06790065823246982,1.3198094428326372,-1.8650138952470048,-0.04672613076451638,1.02,-2.0529796886034513,-0.0463548980889245,1.02,5.6092651639696065,22.800384521484375,1.0359899997711182,0.346801123127152,26.225590587094203
-1.9981850389970752,-0.12932942117047566,1.3216733872464939,-2.0486600859244724,-0.06790768788763904,1.3200906288423244,-1.900693490133021,-0.04693355710568681,1.02,-2.070148829170681,-0.04657168480569034,1.02,3.0282025177288503,22.9003643989563,1.039512038230896,0.27537103511516753,25.810626462407562
-2.0198978901678206,-0.12866736006472707,1.323441993966616,-2.054074267954376,-0.06778020761917854,1.3208579974022154,-1.9302964175911197,-0.048223881219426765,1.02,-2.098522523070991,-0.04773055662179334,1.02,0.06714574887118097,23.000454664230347,0.9795381426811218,0.364534307505365,29.61056768857669
-2.0418586883825043,-0.12804130864617053,1.3250767033119266,-2.1014346285033954,-0.0683974167270407,1.3212699883681045,-1.9595467168284455,-0.04816941739698394,1.02,-2.1237315328475685,-0.04788784324263158,1.02,2.629911580940785,23.100431442260742,0.9139968156814575,0.2788782845610914,25.62765832069604
-2.0644197706260385,-0.1272162084833815,1.3248499449722662,-2.129257868322009,-0.0694247663996645,1.3212671396796576,-1.9897184921976485,-0.048989386295467174,1.02,-2.1515706180843495,-0.049536992745838004,1.02,8.31187033933701,23.200380325317383,0.9429324865341187,0.3598730408569664,56.81958758396225
-2.089493589448466,-0.12705131164171146,1.3229566916341506,-2.16095652345344,-0.07014830812357797,1.3206925132170626,-2.0222143792049407,-0.0495850703859322,1.02,-2.1848294626513165,-0.05047260582017609,1.02,9.984284606674274,23.300399780273438,1.0587276220321655,0.2951409694988358,16.724142673372633
-2.1197375932999964,-0.12692322612733373,1.3202298609216652,-2.1853715656600095,-0.07052997908628103,1.320126608872579,-2.062263521840081,-0.050732399936996894,1.02,-2.211733870990901,-0.051138524872694276,1.02,11.086963552264965,23.400357484817505,1.0185627937316895,0.3159494185077373,11.026789455906911
-2.147579861123129,-0.1262881305756641,1.3187577029937856,-2.209442173106633,-0.07092120950137912,1.3191206384542193,-2.0969992994997746,-0.051319444651797254,1.02,-2.2325705810490923,-0.05176104723249604,1.02,11.834917845300037,23.500444412231445,1.06716787815094,0.343178904346263,7.479542930350718
-2.1665865403987437,-0.12566203125321168,1.3181773808250643,-2.2370308543828976,-0.07132632497308111,1.3187902002527307,-2.1218064011845144,-0.05158726583561677,1.02,-2.26217346067021,-0.05262614308885274,1.02,11.798882634999655,23.600362539291382,1.0356451272964478,0.35261225967298127,0.3603521030038159
-2.1973620775697973,-0.12300624254691944,1.3203684995478266,-2.264489336344852,-0.07059275721608332,1.3197802862191526,-2.158667774538297,-0.05252672535706302,1.02,-2.2891820968983043,-0.05243463996782378,1.02,11.435957563381598,23.700440168380737,1.0666133165359497,0.31526952480275455,3.6292507161805787
-2.223054895938529,-0.11955260133024025,1.3225180104596232,-2.2877553239654156,-0.07131528696572748,1.3204407503372377,-2.192787826684718,-0.05418192569241461,1.02,-2.3132949431544696,-0.05426706147552701,1.02,10.626001629861902,23.800431489944458,0.9861766695976257,0.360760676999873,8.099559335196957
-2.246585971118328,-0.1169838801142383,1.3230678557284912,-2.3152650351676036,-0.07011497669422936,1.3207653924751135,-2.224646648192151,-0.05544383898335055,1.02,-2.3429899025033945,-0.05359215997779901,1.02,10.626001629861902,23.900441646575928,0.9840010404586792,0.35649768809608556,8.099559335196957
-2.269923015136756,-0.11554259609048327,1.3219240773948704,-2.3356922854817674,-0.0717208699050844,1.3206714765857117,-2.2557303896100422,-0.055333891817694165,1.02,-2.361190240323459,-0.056520854452794936,1.02,7.151610092899663,24.00032353401184,1.0078953504562378,0.35277902579283593,34.743915369622385
-2.2978266893245234,-0.11572236901090198,1.3185814560533875,-2.3607272586563774,-0.07189648943590587,1.3197062637245793,-2.293098350903673,-0.05721776232585953,1.02,-2.385223524994353,-0.05695543295352483,1.02,5.080144658016998,24.100361347198486,0.9702705144882202,0.30261361677019605,20.71465434882665
-2.3217198512264225,-0.11652648113402274,1.313905436013411,-2.391346537477968,-0.07239961196027676,1.3167692432977327,-2.324655171073513,-0.05712863441677565,1.02,-2.4195173263044074,-0.05740136604952657,1.02,3.2377605878302167,24.200430393218994,0.9596560001373291,0.3054814381959499,18.42384070186781
-2.3466295548546854,-0.11762412537471127,1.3106355013168856,-2.417258019784077,-0.07354259950715038,1.3118159045608389,-2.3586195124915177,-0.05810086673976482,1.02,-2.444277412543284,-0.05849083892430629,1.02,1.4370676225673509,24.300472021102905,1.0217742919921875,0.30480449098004636,18.006929652628656
-2.370249029505333,-0.11815522639425013,1.3095002437929597,-2.4433677879420577,-0.07383274550278762,1.3100322539431504,-2.3914554924320512,-0.058464740060706205,1.02,-2.472701670574387,-0.058646680977121876,1.02,0.4726377124629167,24.4005606174469,0.9486507773399353,0.2776977180396575,9.644299101044341
-2.3975456169898783,-0.11788273374556908,1.3085988324017594,-2.4678429002097433,-0.07436181764221617,1.3087019259092214,-2.4234809307891374,-0.05990809924052948,1.02,-2.496434508304521,-0.05935293840923117,1.02,2.326149457843425,24.50033450126648,1.0316615104675293,0.307005866336273,18.535117453805082
-2.4232234340614043,-0.11737179876897158,1.310438828301397,-2.497212872167286,-0.07462228835665374,1.3094883711474157,-2.456944012408734,-0.05939999156389758,1.02,-2.5263935444341556,-0.05992981518796638,1.02,2.326149457843425,24.600539207458496,0.9468285441398621,0.2947517692363988,18.535117453805082
-2.4483188930016673,-0.11787294500925621,1.3116216871184436,-2.523548428659334,-0.07541261391404513,1.311400903979417,-2.4893437054657066,-0.06042954695227141,1.02,-2.5522463632171584,-0.06089528727204332,1.02,3.981352742256001,24.700337409973145,1.0264097452163696,0.3710190862050304,16.55203284412576
-2.4737379726095625,-0.11904819918877667,1.3151526845232058,-2.550888057417951,-0.07575051021976534,1.3133512610731553,-2.521291047650461,-0.060658041598680025,1.02,-2.5795881017547133,-0.06093981339697173,1.02,5.297622318601532,24.800431966781616,0.9650977849960327,0.3035684462483221,13.162695763455314
-2.4979719155104316,-0.12092397293890571,1.3181445502854725,-2.5767916089018432,-0.07686435271068644,1.3169971001920628,-2.551272209319118,-0.062024382267487146,1.02,-2.6071708583288005,-0.06191086693097686,1.02,6.4746704236574155,24.900460958480835,1.0182989835739136,0.3182884483296466,11.770481050558832
-2.524289679426058,-0.12338921205604872,1.3206238438630018,-2.604464137837137,-0.07747079796013853,1.3200006588807671,-2.586093533618318,-0.061609575628097386,1.02,-2.6345448179668223,-0.06183775704214409,1.02,8.12843926597567,25.00043821334839,0.9723010063171387,0.3387536595967547,16.537688423182544
-2.548632869189859,-0.12536291121664003,1.323245457118317,-2.6296283207672038,-0.078901175232433,1.3204622488094644,-2.618806763531429,-0.06310002610592079,1.02,-2.6589662481439524,-0.0629856566745086,1.02,7.978125311163225,25.10036873817444,1.0076613426208496,0.31211774549620286,1.503139548124448
-2.572294840320086,-0.1257244660832206,1.3268727192508423,-2.6593500041235507,-0.07862867145672907,1.3215182605400166,-2.649990112014134,-0.06339224042744605,1.02,-2.6917273460270237,-0.06238521909679805,1.02,7.536713615362231,25.200340270996094,1.0066503286361694,0.3680196542122722,4.4141169580099415
-2.5972864908888913,-0.12699862511301244,1.329585092281076,-2.6821364646242962,-0.08077377968292905,1.322382708079624,-2.684826566698755,-0.06397898516126968,1.02,-2.7154664010366445,-0.06511196257640332,1.02,6.840877241510737,25.300347566604614,0.9845401644706726,0.3956385488175031,6.9583637385149455
-2.6216147883280807,-0.1277084518276765,1.3322626478383368,-2.7125317492132193,-0.07978454866748863,1.3228855079354584,-2.716352418206762,-0.0643532925572527,1.02,-2.746918949452057,-0.06344013544041831,1.02,5.8996571841551715,25.40050458908081,1.0349315404891968,0.17453464763265134,9.412200573555651
-2.646145547224503,-0.12804261394952351,1.3355391703701245,-2.7383838127896225,-0.08173723812677502,1.323574800264834,-2.7500148461408433,-0.06471975191762323,1.02,-2.7726843232053424,-0.06576660940613888,1.02,4.800869096556038,25.500373125076294,0.995794951915741,0.33964653914095916,10.987880875991332
-2.6705499840390927,-0.12831921419955852,1.3375196699318344,-2.763674121076187,-0.08133871104698209,1.3245888480860608,-2.782372070793443,-0.06567094946401897,1.02,-2.799001798752376,-0.06521576358756784,1.02,3.5704970652611077,25.600361585617065,0.955624520778656,0.3931204755137483,12.303720312949306
-2.6982360205882836,-0.12819816755244318,1.3378321633951444,-2.7878761286232288,-0.08223492141464368,1.3246749702006333,-2.8161327399926566,-0.06640194975365046,1.02,-2.821595730832054,-0.06639058335353659,1.02,3.5704970652611077,25.700318336486816,1.0331411361694336,0.3996666142182592,12.303720312949306
-2.7269697967613293,-0.12689370612491277,1.3375238374071692,-2.812603769080806,-0.08248343168281679,1.324606433738294,-2.848944920575631,-0.06706136476056385,1.02,-2.8470986539160537,-0.06694953511710215,1.02,2.3132404536581768,25.80043888092041,0.9762877821922302,0.3537903935769254,12.572566116029309
-2.757959984787108,-0.12589012426562268,1.3370332488330339,-2.841590307120946,-0.08198791980376216,1.324553352738883,-2.881977222927721,-0.06706820878241086,1.02,-2.875057827393822,-0.06670771650071759,1.02,0.6851312943091727,25.900323390960693,0.9436733722686768,0.2606219033007009,16.28109159349004
-2.7788810555717594,-0.12541122190262197,1.3357194289501833,-2.8703930549553824,-0.0822374186503229,1.3242090663863475,-2.90494180384452,-0.06737150267363347,1.02,-2.903135400628442,-0.06736045889497433,1.02,1.9208702749177926,26.000441789627075,0.9138907790184021,0.3140681406327819,12.357389806086198
-2.8173859729420365,-0.12630561969297743,1.3315888046311481,-2.8995598828555833,-0.08263508316872419,1.3236050953693055,-2.9477049218617695,-0.06815421140447728,1.02,-2.9308178777166805,-0.06768601852039788,1.02,2.6268851479289697,26.100441455841064,0.9922650456428528,0.3735593013261637,7.06014873011177
-2.8474906848463593,-0.12859176243949333,1.3286396834518965,-2.9303137257409633,-0.08385211324163495,1.3223908991908628,-2.9789659560573187,-0.0706562022884778,1.02,-2.960525371820941,-0.06863341906515084,1.02,3.349401259106244,26.200464010238647,0.9792097210884094,0.47577658078177665,7.225161111772742
-2.876310082208868,-0.13142640186346782,1.327088091171244,-2.9524158689492084,-0.08443437921005376,1.1256253423203058,-3.0098932361349204,-0.06941811083008265,1.02,-2.9818494717492685,-0.06864808999526958,1.02,3.771557864189449,26.30033278465271,1.0376873016357422,0.25981625857837726,4.221566050832051
-2.9028185960910027,-0.13421817620038853,1.3259899004573812,-2.981415706916567,-0.08650069147065478,1.125528493715563,-3.033587661685764,-0.0704515173542637,1.02,-3.01050275420647,-0.07048429560651304,1.02,3.771557864189449,26.400449991226196,1.0215872526168823,0.21110912401386872,4.221566050832051
-2.9261802658400673,-0.13302700307432622,1.322832778311338,-3.005228390419845,-0.08614542508269206,1.1244368211919804,-3.0533848437808806,-0.0709862526827687,1.02,-3.03552166327775,-0.06965573833873184,1.02,3.771557864189449,26.50053572654724,0.9526475667953491,0.22316070564024656,4.221566050832051
-2.958444009879193,-0.12473626202050477,1.3153812206486706,-3.0260344839725146,-0.08506779284455261,1.1224221626065567,-3.074617456105041,-0.07113845361391659,1.02,-3.075288114907243,-0.07080689584373065,1.02,4.110373224670801,26.600362300872803,0.9518238306045532,0.22837777846627702,3.388153604813522
-2.985049459454683,-0.11968336094985645,1.3017685065579137,-3.0499581709913848,-0.0837606701741119,1.1168934711018323,-3.0881965046437676,-0.070555705127164,1.02,-3.075288114907243,-0.07080689584373065,1.02,4.1691206269040135,26.70042109489441,0.9836059808731079,0.22837777846627702,0.587474022332124
-3.0069400416358616,-0.1162690429957773,1.2878437635126276,-3.068507904364114,-0.08302312957256218,1.1117695741813898,-3.100559196092269,-0.07121720022343486,1.02,-3.104649766118594,-0.0707734337698374,1.02,3.227715554041458,26.80033826828003,1.0108451843261719,0.11858331483300301,9.414050728625556
-3.0362887155719926,-0.11330230157673654,1.2668682528174207,-3.08400931436254,-0.08174795110732791,1.104543819784402,-3.1080080141971482,-0.07194745481401313,1.02,-3.104649766118594,-0.0707734337698374,1.02,2.37277266868835,26.900435209274292,1.03717839717865,0.11455524739793896,8.54942885353108
-3.050551728172748,-0.1131278959500098,1.2558787278164916,-3.0986930194926647,-0.0822102486150956,1.0964502790830717,-3.1215401778696354,-0.07217382689091545,1.02,-3.1256780441121834,-0.07251056965744879,1.02,1.3836039431993628,27.000463008880615,1.0112159252166748,0.10017242037693101,9.89168725488987
-3.050551728172748,-0.1131278959500098,1.2558787278164916,-3.1016807053104136,-0.08239936373525404,1.1017293690264336,-3.130769564665691,-0.07120654359415243,1.02,-3.1357716567315843,-0.07246020903692373,1.02,0.3326009206481556,27.10036301612854,0.9757822155952454,0.10941264904757363,10.510030225512072
-3.050551728172748,-0.1131278959500098,1.2558787278164916,-3.1091901064201966,-0.08236189666223208,1.1017293691334145,-3.1427415290380725,-0.07212381488358721,1.02,-3.1357716567315843,-0.07246020903692373,1.02,0.6992075225707066,27.200368642807007,0.6158819198608398,0.08269625163187887,3.66606601922551
-3.050551728172748,-0.1131278959500098,1.2558787278164916,-3.114772439003282,-0.08166371454171238,1.1017293692128876,-3.151730787922375,-0.07175818323158478,1.02,-3.1534964333098747,-0.07236916627800448,1.02,0.6992075225707066,27.300323486328125,0.4627729654312134,0.08421431374018215,3.66606601922551
-3.050551728172748,-0.1131278959500098,1.2558787278164916,-3.1223769065040647,-0.08229416307076912,1.101729369321074,-3.1588893244788183,-0.07162073609263143,1.02,-3.1611864681734816,-0.07199359810813875,1.02,1.614356046051599,27.400331497192383,4.977926731109619,0.08328784994505747,9.151485234808924
-3.050551728172748,-0.1131278959500098,1.2558787278164916,-3.128098103952258,-0.08201474951515932,1.10172936940241,-3.164503344530607,-0.07164472753281072,1.02,-3.1680619049805747,-0.07191865175432263,1.02,3.046779955657331,27.50047731399536,0.7463094592094421,0.0797201860350972,14.324239096057317
-3.050551728172748,-0.1131278959500098,1.2558787278164916,-3.1332132601326816,-0.08195899125639734,1.1017293694750874,-3.173535810005298,-0.07182196243384308,1.02,-3.1680619049805747,-0.07191865175432263,1.02,3.3478689103884736,27.600382328033447,1.1546430587768555,0.07687199087337838,3.010889547311426
-3.050551728172748,-0.1131278959500098,1.2558787278164916,-3.13685550113075,-0.08194709190748367,1.1017293695268124,-3.1793323618981466,-0.07297422407316119,1.02,-3.1729575520613955,-0.07190265748130048,1.02,3.3649346460130345,27.700369358062744,0.9252582788467407,0.03188329400278374,0.1706573562456093
-3.050551728172748,-0.1131278959500098,1.2558787278164916,-3.1426427686994214,-0.08207613494303627,1.1017293696089572,-3.1855042203410338,-0.07304777125162419,1.02,-3.185842900184444,-0.07317469431704177,1.02,3.1053321773051867,27.800427436828613,0.9929921627044678,0.12472252922679775,2.5960246870784776
-3.050551728172748,-0.1131278959500098,1.2558787278164916,-3.1464418814648125,-0.08289345627939293,1.1017293696628532,-3.19113687567225,-0.07278549056350225,1.02,-3.1924523777852167,-0.07360034606975743,1.02,3.1053321773051867,27.900461196899414,1.0198665857315063,0.24618145422725343,2.5960246870784776
-3.050551728172748,-0.1131278959500098,1.2558787278164916,-3.151359167169876,-0.08321013079887758,1.101729369732578,-3.1965785767993635,-0.07285310120714221,1.02,-3.1924523777852167,-0.07360034606975743,1.02,3.0869257172826616,28.000329732894897,1.1127904653549194,0.24618145422725343,0.18406460022525106
-3.050551728172748,-0.1131278959500098,1.2558787278164916,-3.154334284542431,-0.08275997110420982,1.101729369774745,-3.199358070981693,-0.0730982073647828,1.02,-3.1964513307384466,-0.07299527287550493,1.02,0.9768079428770102,28.10037636756897,1.1132909059524536,0.24618145422725343,21.101177744056514
-3.050551728172748,-0.1131278959500098,1.2558787278164916,-3.158077457355363,-0.08282989990975771,1.101729369827778,-3.203384881276879,-0.07362323593594854,1.02,-3.2014827174525857,-0.07308926628772706,1.02,0.004885303867914752,28.200474500656128,1.0774115324020386,0.24618145422725343,9.719226390090954
-3.050551728172748,-0.1131278959500098,1.2558787278164916,-3.1599517944519078,-0.08298267709845736,1.1017293698543271,-3.2055194528457958,-0.0728950700515854,1.02,-3.207592199908902,-0.07382229444599141,1.02,0.004885303867914752,28.300468683242798,0.960459291934967,0.0557393705323351,9.719226390090954
-3.050551728172748,-0.1131278959500098,1.2558787278164916,-3.1626227662703017,-0.08337525497598545,1.1017293509463746,-3.2080708554403787,-0.07355597285323129,1.02,-3.209556085289703,-0.07310902717717858,1.02,0.9256779462246739,28.40042018890381,1.044674277305603,0.303570280127837,9.20792642356759
-3.050551728172748,-0.1131278959500098,1.2558787278164916,-3.1640836406837187,-0.0828446015294059,1.1017293509464159,-3.212332161643254,-0.07266752317894014,1.02,-3.2120611135827213,-0.07372418381809119,1.02,2.489798221698907,28.50041103363037,1.0988502502441406,0.03588966554486151,15.64120275474233
-3.050551728172748,-0.1131278959500098,1.2558787278164916,-3.1659471866936317,-0.08330226306240274,1.101729350945136,-3.215353880288452,-0.07252292506795592,1.02,-3.215581289847173,-0.07288741674149968,1.02,2.489798221698907,28.60043692588806,0.943917989730835,0.029070734432173895,15.64120275474233
-3.050551728172748,-0.1131278959500098,1.2558787278164916,-3.16853106075319,-0.08267972877186497,1.101729350945136,-3.2151056962232234,-0.07272164805823045,1.02,-3.2182604937389123,-0.07273138858501078,1.02,3.0729033469926126,28.700369596481323,0.8441630601882935,0.012275880392172653,5.831051252937054
-3.050551728172748,-0.1131278959500098,1.2558787278164916,-3.170457683096818,-0.08256364763004546,1.101729351006311,-3.2170658798386658,-0.07296409587547571,1.02,-3.2182604937389123,-0.07273138858501078,1.02,2.9633099489413324,28.80036449432373,0.932356059551239,0.020726450087168308,1.095933980512802
-3.050551728172748,-0.1131278959500098,1.2558787278164916,-3.170621132403423,-0.0827127505616696,1.1017293510059238,-3.2172034442548783,-0.07287231216030808,1.02,-3.220327346960867,-0.07315125583693392,1.02,2.569219803314434,28.900331020355225,0.8201277256011963,0.01609190628158467,3.9409014562689837
-3.050551728172748,-0.1131278959500098,1.2558787278164916,-3.1719442232584583,-0.08287601862201752,1.101729350946483,-3.2172034442548783,-0.07287231216030808,1.02,-3.222218983699008,-0.07305316411348847,1.02,1.9356104746579152,29.00033187866211,1.4464213848114014,0.040883467780586845,6.3360932865651876
-3.050551728172748,-0.1131278959500098,1.2558787278164916,-3.1733041202338375,-0.08280304077290401,1.1017293509464638,-3.2172034442548783,-0.07287231216030808,1.02,-3.223384666595889,-0.07314568962576588,1.02,1.9356104746579152,29.100396871566772,0.9460738897323608,0.020472448387942845,6.3360932865651876
-3.050551728172748,-0.1131278959500098,1.2558787278164916,-3.1741421029167687,-0.0828718774967065,1.1017293509464496,-3.223990911760637,-0.0724426069731353,1.02,-3.2249384325969706,-0.07332854947766318,1.02,1.9356104746579152,29.200494050979614,1.2459100484848022,0.025078839051674892,6.3360932865651876
-3.050551728172748,-0.1131278959500098,1.2558787278164916,-3.175258785739732,-0.08300792076531834,1.1017293703539053,-3.226295550540162,-0.07212334295595643,1.02,-3.2263763427468484,-0.07263915075510526,1.02,1.9356104746579152,29.30039620399475,0.9537111520767212,0.02421231444729759,6.3360932865651876
-3.050551728172748,-0.1131278959500098,1.2558787278164916,-3.1762926026851424,-0.08249502493491871,1.1017293702045956,-3.2281446309828095,-0.07271957355201475,1.02,-3.2287912954545606,-0.07219606965586683,1.02,1.1295728664632176,29.400352001190186,0.9718442559242249,0.04346043420469535,8.060376081946975
-3.050551728172748,-0.1131278959500098,1.2558787278164916,-3.178028733571216,-0.08216538340694805,1.1017293701152198,-3.2281724705199593,-0.07281434220636807,1.02,-3.2299930993582175,-0.07291041554698234,1.02,1.1295728664632176,29.50043797492981,0.9367102384567261,0.019762804588102874,8.060376081946975
-3.050551728172748,-0.1131278959500098,1.2558787278164916,-3.1788926912817916,-0.08269683932204441,1.1017293701278537,-3.2291582534064665,-0.07285729729853402,1.02,-3.2302690088010446,-0.07300130286652734,1.02,2.2418209691505404,29.600383281707764,1.1330870389938354,0.04266362600129501,11.122481026873228
-3.050551728172748,-0.1131278959500098,1.2558787278164916,-3.1790910368492127,-0.08276445727041751,1.101729370130754,-3.232992596798407,-0.07320212084516406,1.02,-3.231103687844436,-0.07305178291779818,1.02,2.942271785475878,29.700366020202637,0.9017643332481384,0.07585267246515207,7.004508163253376
-3.050551728172748,-0.1131278959500098,1.2558787278164916,-3.1796910682186525,-0.0828020131970074,1.1017293701395274,-3.234183256935791,-0.0731703622080185,1.02,-3.2343566719716916,-0.07336919662338522,1.02,2.864970854139613,29.800369262695312,1.012244462966919,0.013960893037350144,0.7730093133626514
-3.050551728172748,-0.1131278959500098,1.2558787278164916,-3.182029547252209,-0.08303816125007532,1.1017293701737145,-3.231807669616919,-0.0735513750667495,1.02,-3.2351837304712845,-0.0733425141688796,1.02,2.541536160528356,29.90043568611145,0.9914494752883911,0.05451024262743333,3.2343469361125665
-3.050551728172748,-0.1131278959500098,1.2558787278164916,-3.182624094545517,-0.08301831015488956,1.1017293701824047,-3.2318563739044803,-0.07352649065088696,1.02,-3.233731085917931,-0.07373025962737836,1.02,1.9577019812351923,30.000439643859863,0.9315895438194275,0.03354620571945908,5.838341792931638
-3.050551728172748,-0.1131278959500098,1.2558787278164916,-3.1815798320806636,-0.08330678331628276,1.1017293701671407,-3.231932570509106,-0.0735637575543928,1.02,-3.2337590375043597,-0.07370390764342899,1.02,1.9577019812351923,30.10050654411316,0.9439100623130798,0.035941242183675816,5.838341792931638
-3.050551728172748,-0.1131278959500098,1.2558787278164916,-3.1815999256502243,-0.08328717808312609,1.1017293701674344,-3.231927637588293,-0.07356324488711193,1.02,-3.2337590375043597,-0.07370390764342899,1.02,1.1816608634976795,30.20036292076111,1.0198931694030762,0.05668948912994555,7.760411177375128
-3.050551728172748,-0.1131278959500098,1.2558787278164916,-3.1815014976529197,-0.08331678638742601,1.1017293701659956,-3.233756190016467,-0.07304752597444288,1.02,-3.2337494311796755,-0.07374523394523685,1.02,0.28951594444729906,30.300365209579468,1.1073557138442993,0.02438928856942966,8.921449190503804
-3.050551728172748,-0.1131278959500098,1.2558787278164916,-3.181593019947341,-0.0833179238434455,1.1017293701673334,-3.2364378363833084,-0.07344011979287765,1.02,-3.235264623031903,-0.07325239964462968,1.02,1.4607360466801282,30.40038752555847,0.9174607992172241,0.063093633521061,11.712201022328292
-3.050551728172748,-0.1131278959500098,1.2558787278164916,-3.1826822457356068,-0.08295126714735458,1.1017293701832547,-3.2356636978897955,-0.07354878181909591,1.02,-3.2374076628331365,-0.0736110823706753,1.02,2.158082055337825,30.500344276428223,1.147857666015625,0.02665755786639421,6.973460086576965
-3.050551728172748,-0.1131278959500098,1.2558787278164916,-3.1842228106463106,-0.08321811834482978,1.1017293702057693,-3.236954663294302,-0.07335835888715579,1.02,-3.2369343606858134,-0.07373454898084632,1.02,2.648994091644262,30.600394248962402,0.98689866065979,0.034344509055620295,4.909120363064372
-3.050551728172748,-0.1131278959500098,1.2558787278164916,-3.1838825685225753,-0.08330997449061683,1.1017293702007973,-3.2376317227359594,-0.07357391581203608,1.02,-3.2380544210544944,-0.07354799963984625,1.02,2.8828074701955733,30.700324296951294,0.8618205785751343,0.03098123059378854,2.3381337855131124
-3.050551728172748,-0.1131278959500098,1.2558787278164916,-3.1846877448354416,-0.08317118633210606,1.1017293702125632,-3.2377941487980273,-0.07347075528671478,1.02,-3.238631060779876,-0.07375702614416525,1.02,2.842031597530324,30.800321340560913,1.0839544534683228,0.021333047177638637,0.407758726652494
-3.050551728172748,-0.1131278959500098,1.2558787278164916,-3.185102272964847,-0.08332669695175748,1.1017293702186206,-3.237475125573592,-0.07362376233137873,1.02,-3.238815272200872,-0.073729591621271,1.02,2.5288458238419045,30.900376796722412,0.9628233909606934,0.03406870697639814,3.1318577368841938
-3.050551728172748,-0.1131278959500098,1.2558787278164916,-3.1852346967378264,-0.08330628633603604,1.1017293702205555,-3.237604907795883,-0.07356248227391066,1.02,-3.238815272200872,-0.073729591621271,1.02,1.9661415692161213,31.00047278404236,1.0438050031661987,0.018386306399357077,5.627042546257832
-3.050551728172748,-0.1131278959500098,1.2558787278164916,-3.1850944079102295,-0.08336378766383404,1.1017293702185051,-3.2376718781128795,-0.07344026328181918,1.02,-3.2386201198980507,-0.07380688088659453,1.02,1.2110809826206408,31.10039710998535,0.8252376317977905,0.014153392564264592,7.550605865954805
-3.050551728172748,-0.1131278959500098,1.2558787278164916,-3.1852147355898657,-0.0832842913850754,1.1017293702202635,-3.2378116230013942,-0.07348456492097347,1.02,-3.2388911717229503,-0.07362836826837114,1.02,1.2110809826206408,31.200456142425537,1.0726028680801392,0.006801870103704264,7.550605865954805
-3.050551728172748,-0.1131278959500098,1.2558787278164916,-3.1852892585054744,-0.08323097863099609,1.1017293702213613,-3.237633948477051,-0.07349593146062829,1.02,-3.2389202389825416,-0.07367087092629834,1.02,0.3386877060657473,31.30032777786255,0.9719123244285583,0.011410977385077781,8.723932765548934
-3.050551728172748,-0.1131278959500098,1.2558787278164916,-3.185310154039461,-0.08326259957156829,1.1017293702216795,-3.2377019422425657,-0.0734365991543508,1.02,-3.2389202389825416,-0.07367087092629834,1.02,0.3386877060657473,31.400385856628418,1.0179799795150757,0.012552319864041117,8.723932765548934
-3.050551728172748,-0.1131278959500098,1.2558787278164916,-3.185253435214757,-0.08327057999876837,1.1017293702208288,-3.23760201513816,-0.07343260234951476,1.02,-3.2388728916929326,-0.0736237368818291,1.02,0.3386877060657473,31.500361919403076,0.9835196137428284,0.010136640296747226,8.723932765548934
-3.050551728172748,-0.1131278959500098,1.2558787278164916,-3.185276117569723,-0.0832275329923995,1.1017293702211608,-3.2377158884268136,-0.07343606672500921,1.02,-3.2388365496943026,-0.0736205906149736,1.02,0.3386877060657473,31.600417613983154,0.849414587020874,0.019693005799270736,8.723932765548934
-3.050551728172748,-0.1131278959500098,1.2558787278164916,-3.185249992455492,-0.08322519224661763,1.1017293702207787,-3.237719845325632,-0.07342906424840545,1.02,-3.2388365496943026,-0.0736205906149736,1.02,0.569243507064634,31.700324773788452,1.2229129076004028,0.026805774015349976,2.305558009988867
-3.050551728172748,-0.1131278959500098,1.2558787278164916,-3.185251838579627,-0.08322592851028948,1.1017293702208057,-3.237829735583272,-0.07345439637306785,1.02,-3.2388391177918012,-0.07362158024913448,1.02,2.841958485111672,31.8003990650177,0.962113082408905,0.023835369271995817,22.72714978047038
-3.050551728172748,-0.1131278959500098,1.2558787278164916,-3.1852903305122084,-0.08322162850429905,1.1017293702213775,-3.237822899965929,-0.07359180066574252,1.02,-3.239027550618684,-0.0736405105838085,1.02,2.527814479288688,31.90042281150818,0.9596207737922668,0.008888316532950621,3.1414400582298407
-3.050551728172748,-0.1131278959500098,1.2558787278164916,-3.1853872969808283,-0.0832400122174487,1.1017293702228554,-3.2376377197037844,-0.07337035632315518,1.02,-3.239027550618684,-0.0736405105838085,1.02,1.966025156835033,32.00051307678223,0.9888635873794556,0.005871036284720715,5.61789322453655
-3.050551728172748,-0.1131278959500098,1.2558787278164916,-3.185226819083763,-0.08333902296432258,1.10172937022044,-3.2377526409311157,-0.0734981171723364,1.02,-3.238726483757831,-0.07355786498965756,1.02,1.209732190719953,32.10038924217224,1.1316426992416382,0.03021536607927571,7.562929661150801
-3.050551728172748,-0.1131278959500098,1.2558787278164916,-3.185226819083763,-0.08333902296432258,1.10172937022044,-3.2383689914165408,-0.0731759770260277,1.02,-3.2389800700176306,-0.07368640358723584,1.02,0.34441335133157663,32.20036554336548,0.9758535623550415,0.019351550420460363,8.653188393883763
-3.050551728172748,-0.1131278959500098,1.2558787278164916,-3.185226819083763,-0.08333902296432258,1.10172937022044,-3.2374274505478193,-0.07366730916251375,1.02,-3.2393516176114017,-0.0733409010947047,1.02,0.34441335133157663,32.30035614967346,1.1641160249710083,0.02392416530178743,8.653188393883763
-3.050551728172748,-0.1131278959500098,1.2558787278164916,-3.1856202584806796,-0.08301711006705727,1.1017293702264062,-3.237639035671526,-0.07355702560495869,1.02,-3.2393516176114017,-0.0733409010947047,1.02,0.5700130324771612,32.40032601356506,0.9697666764259338,0.032723630844515114,2.2559968114558453
-3.050551728172748,-0.1131278959500098,1.2558787278164916,-3.1851993791434676,-0.08339734463230652,1.101729370220039,-3.2373494365396596,-0.0733611674704396,1.02,-3.2388437369231875,-0.0735262735096504,1.02,1.417304530606055,32.50041913986206,1.2044332027435303,0.005733995325642825,8.472914981288937
-3.050551728172748,-0.1131278959500098,1.2558787278164916,-3.1852551591272045,-0.08315502262128735,1.1017293702208544,-3.2377044309441745,-0.07343785697148739,1.02,-3.2388437369231875,-0.0735262735096504,1.02,2.633164136165282,32.60044503211975,1.0219529867172241,0.004371234020865403,12.15859605559227
-3.050551728172748,-0.1131278959500098,1.2558787278164916,-3.1851308063499295,-0.08317431128322025,1.1017293702190374,-3.2375991175812717,-0.07340063867656019,1.02,-3.238882836565407,-0.07362524297916224,1.02,2.878408996267429,32.70037531852722,0.8704760074615479,0.009385202949529275,2.4524486010214686
-3.050551728172748,-0.1131278959500098,1.2558787278164916,-3.1852832666241966,-0.08322865349207151,1.1017293702212696,-3.23770792321369,-0.07341838861101471,1.02,-3.2388061945128124,-0.07358804548686225,1.02,2.842307260838272,32.80046248435974,1.1266943216323853,0.020357529497688147,0.36101735429157067
-3.050551728172748,-0.1131278959500098,1.2558787278164916,-3.1852281710747077,-0.08320097946529767,1.10172937022046,-3.2378827170558333,-0.07332037555538055,1.02,-3.2388749277002113,-0.07360516803301903,1.02,2.5276221792273112,32.90038561820984,0.9660993814468384,0.04036740717064085,3.1468508161096054
-3.050551728172748,-0.1131278959500098,1.2558787278164916,-3.185277581191001,-0.08321371822190406,1.101729370221183,-3.237717448236121,-0.07342435953272333,1.02,-3.2388749277002113,-0.07360516803301903,1.02,1.9667466761059795,33.000325202941895,0.9987163543701172,0.05075569162275192,5.608755031213317
-3.050551728172748,-0.1131278959500098,1.2558787278164916,-3.185372414995835,-0.08314148395474326,1.1017293702226285,-3.238362121808622,-0.07325499106050336,1.02,-3.238963406929808,-0.07371501660111313,1.02,1.9667466761059795,33.10033464431763,0.8087310194969177,0.024719106268510076,5.608755031213317
-3.050551728172748,-0.1131278959500098,1.2558787278164916,-3.1853411861117595,-0.08329544287662106,1.1017293702221524,-3.237677872796467,-0.07336212859145973,1.02,-3.239484407666774,-0.0734418809673503,1.02,1.9667466761059795,33.20032453536987,1.1444281339645386,0.008398133956719336,5.608755031213317
-3.050551728172748,-0.1131278959500098,1.2558787278164916,-3.1857157170416324,-0.0830922366287211,1.1017293702278612,-3.238450095518975,-0.07314987026925195,1.02,-3.2388347729510856,-0.07355225504981593,1.02,1.9667466761059795,33.300458908081055,0.9640607237815857,0.010028162053155496,5.608755031213317
-3.050551728172748,-0.1131278959500098,1.2558787278164916,-3.1852487152109408,-0.08317435225330533,1.10172937022076,-3.237768349493655,-0.0733063172409422,1.02,-3.2388347729510856,-0.07355225504981593,1.02,1.9667466761059795,33.40039610862732,1.0362330675125122,0.04835021577208635,5.608755031213317
-3.050551728172748,-0.1131278959500098,1.2558787278164916,-3.185688807808883,-0.08301197175039415,1.1017293702274509,-3.2385746127232062,-0.07310883963986296,1.02,-3.2394469748947796,-0.07333399452862777,1.02,1.9670978008912212,33.500333070755005,0.9604620337486267,0.04018188869421012,0.0035112478524168544
-3.050551728172748,-0.1131278959500098,1.2558787278164916,-3.1852513392756907,-0.08313043195684836,1.1017293702207984,-3.238627033232544,-0.07309112894585858,1.02,-3.239545792609882,-0.07329401695341053,1.02,2.1187174991901636,33.600332736968994,0.910112738609314,0.003164264137476929,1.516196982989424
-3.050551728172748,-0.1131278959500098,1.2558787278164916,-3.1857598447301307,-0.08298222940975769,1.1017293702285336,-3.2377130392925424,-0.07343145463128466,1.02,-3.2394729616817175,-0.07327689752633329,1.02,2.870890600187116,33.700331926345825,1.040421485900879,0.02117178892708672,7.521731009969526
-3.050551728172748,-0.1131278959500098,1.2558787278164916,-3.185707488885966,-0.08296949297367169,1.1017293702277355,-3.236918365080042,-0.07408948689767958,1.02,-3.238988631293977,-0.07361507885582416,1.02,2.8423299876998342,33.80032563209534,0.9661965370178223,0.018774839990841015,0.2856061248728192
-3.050551728172748,-0.1131278959500098,1.2558787278164916,-3.185359319109401,-0.08322109163227935,1.101729370222429,-3.2371602710936673,-0.07267226308039283,1.02,-3.2383414207394168,-0.07424793420488543,1.02,2.527978174827768,33.900349140167236,1.0202745199203491,0.014483004076273618,3.1435181287206637
-3.050551728172748,-0.1131278959500098,1.2558787278164916,-3.1848940598740523,-0.08369192057242625,1.101729370215578,-3.2376566125025645,-0.07331622447437926,1.02,-3.23838015270457,-0.07287506976372973,1.02,1.96598820419408,34.000449657440186,1.0030142068862915,0.013097793285203153,5.619899706336879
-3.050551728172748,-0.1131278959500098,1.2558787278164916,-3.1848940598740523,-0.08369192057242625,1.101729370215578,-3.237742286493954,-0.07348287739829198,1.02,-3.23838015270457,-0.07287506976372973,1.02,1.96598820419408,34.1004638671875,1.0093104839324951,0.04007272741853864,5.619899706336879
